stg_cd,qst_cd,text_cn,qst_cn,qst_cn1,math_smb1,qst_cn2,math_smb2,qst_cn3,boxed_cransr
E17_0_1,E17010001,다음을 계산하세요.,2 \times 1 = \boxed{\phantom{2}},2,X,1,=,□,2
E17_0_2,E17010001a,다음을 계산하세요.,2 \times 1 = \boxed{\phantom{2}},2,X,1,=,□,2
E18_0_1,E17010001b,다음을 계산하세요.,2 \times 1 = \boxed{\phantom{2}},2,X,1,=,□,2
E18_0_2,E17010001c,다음을 계산하세요.,2 \times 1 = \boxed{\phantom{2}},2,X,1,=,□,2
E19_0_1,E17010001d,다음을 계산하세요.,2 \times 1 = \boxed{\phantom{2}},2,X,1,=,□,2
E19_0_2,E17010001e,다음을 계산하세요.,2 \times 1 = \boxed{\phantom{2}},2,X,1,=,□,2
E17_0_1,E17010002,다음을 계산하세요.,2 \times 2 = \boxed{\phantom{4}},2,X,2,=,□,4
E17_0_2,E17010002a,다음을 계산하세요.,2 \times 2 = \boxed{\phantom{4}},2,X,2,=,□,4
E18_0_1,E17010002b,다음을 계산하세요.,2 \times 2 = \boxed{\phantom{4}},2,X,2,=,□,4
E18_0_2,E17010002c,다음을 계산하세요.,2 \times 2 = \boxed{\phantom{4}},2,X,2,=,□,4
E19_0_1,E17010002d,다음을 계산하세요.,2 \times 2 = \boxed{\phantom{4}},2,X,2,=,□,4
E19_0_2,E17010002e,다음을 계산하세요.,2 \times 2 = \boxed{\phantom{4}},2,X,2,=,□,4
E20_0_1,E17010002f,다음을 계산하세요.,2 \times 2 = \boxed{\phantom{4}},2,X,2,=,□,4
E20_0_2,E17010002g,다음을 계산하세요.,2 \times 2 = \boxed{\phantom{4}},2,X,2,=,□,4
E17_0_1,E17010003,다음을 계산하세요.,2 \times 3 = \boxed{\phantom{6}},2,X,3,=,□,6
E17_0_2,E17010003a,다음을 계산하세요.,2 \times 3 = \boxed{\phantom{6}},2,X,3,=,□,6
E18_0_1,E17010003b,다음을 계산하세요.,2 \times 3 = \boxed{\phantom{6}},2,X,3,=,□,6
E18_0_2,E17010003c,다음을 계산하세요.,2 \times 3 = \boxed{\phantom{6}},2,X,3,=,□,6
E19_0_1,E17010003d,다음을 계산하세요.,2 \times 3 = \boxed{\phantom{6}},2,X,3,=,□,6
E19_0_2,E17010003e,다음을 계산하세요.,2 \times 3 = \boxed{\phantom{6}},2,X,3,=,□,6
E20_0_1,E17010003f,다음을 계산하세요.,2 \times 3 = \boxed{\phantom{6}},2,X,3,=,□,6
E20_0_2,E17010003g,다음을 계산하세요.,2 \times 3 = \boxed{\phantom{6}},2,X,3,=,□,6
E17_0_1,E17010004,다음을 계산하세요.,2 \times 4 = \boxed{\phantom{8}},2,X,4,=,□,8
E17_0_2,E17010004a,다음을 계산하세요.,2 \times 4 = \boxed{\phantom{8}},2,X,4,=,□,8
E18_0_1,E17010004b,다음을 계산하세요.,2 \times 4 = \boxed{\phantom{8}},2,X,4,=,□,8
E18_0_2,E17010004c,다음을 계산하세요.,2 \times 4 = \boxed{\phantom{8}},2,X,4,=,□,8
E19_0_1,E17010004d,다음을 계산하세요.,2 \times 4 = \boxed{\phantom{8}},2,X,4,=,□,8
E19_0_2,E17010004e,다음을 계산하세요.,2 \times 4 = \boxed{\phantom{8}},2,X,4,=,□,8
E20_0_1,E17010004f,다음을 계산하세요.,2 \times 4 = \boxed{\phantom{8}},2,X,4,=,□,8
E20_0_2,E17010004g,다음을 계산하세요.,2 \times 4 = \boxed{\phantom{8}},2,X,4,=,□,8
E17_0_1,E17010005,다음을 계산하세요.,2 \times 5 = \boxed{\phantom{10}},2,X,5,=,□,10
E17_0_2,E17010005a,다음을 계산하세요.,2 \times 5 = \boxed{\phantom{10}},2,X,5,=,□,10
E18_0_1,E17010005b,다음을 계산하세요.,2 \times 5 = \boxed{\phantom{10}},2,X,5,=,□,10
E18_0_2,E17010005c,다음을 계산하세요.,2 \times 5 = \boxed{\phantom{10}},2,X,5,=,□,10
E19_0_1,E17010005d,다음을 계산하세요.,2 \times 5 = \boxed{\phantom{10}},2,X,5,=,□,10
E19_0_2,E17010005e,다음을 계산하세요.,2 \times 5 = \boxed{\phantom{10}},2,X,5,=,□,10
E20_0_1,E17010005f,다음을 계산하세요.,2 \times 5 = \boxed{\phantom{10}},2,X,5,=,□,10
E20_0_2,E17010005g,다음을 계산하세요.,2 \times 5 = \boxed{\phantom{10}},2,X,5,=,□,10
E17_0_1,E17010006,다음을 계산하세요.,2 \times 6 = \boxed{\phantom{12}},2,X,6,=,□,12
E17_0_2,E17010006a,다음을 계산하세요.,2 \times 6 = \boxed{\phantom{12}},2,X,6,=,□,12
E18_0_1,E17010006b,다음을 계산하세요.,2 \times 6 = \boxed{\phantom{12}},2,X,6,=,□,12
E18_0_2,E17010006c,다음을 계산하세요.,2 \times 6 = \boxed{\phantom{12}},2,X,6,=,□,12
E19_0_1,E17010006d,다음을 계산하세요.,2 \times 6 = \boxed{\phantom{12}},2,X,6,=,□,12
E19_0_2,E17010006e,다음을 계산하세요.,2 \times 6 = \boxed{\phantom{12}},2,X,6,=,□,12
E20_0_1,E17010006f,다음을 계산하세요.,2 \times 6 = \boxed{\phantom{12}},2,X,6,=,□,12
E20_0_2,E17010006g,다음을 계산하세요.,2 \times 6 = \boxed{\phantom{12}},2,X,6,=,□,12
E17_0_1,E17010007,다음을 계산하세요.,2 \times 7 = \boxed{\phantom{14}},2,X,7,=,□,14
E17_0_2,E17010007a,다음을 계산하세요.,2 \times 7 = \boxed{\phantom{14}},2,X,7,=,□,14
E18_0_1,E17010007b,다음을 계산하세요.,2 \times 7 = \boxed{\phantom{14}},2,X,7,=,□,14
E18_0_2,E17010007c,다음을 계산하세요.,2 \times 7 = \boxed{\phantom{14}},2,X,7,=,□,14
E19_0_1,E17010007d,다음을 계산하세요.,2 \times 7 = \boxed{\phantom{14}},2,X,7,=,□,14
E19_0_2,E17010007e,다음을 계산하세요.,2 \times 7 = \boxed{\phantom{14}},2,X,7,=,□,14
E20_0_1,E17010007f,다음을 계산하세요.,2 \times 7 = \boxed{\phantom{14}},2,X,7,=,□,14
E20_0_2,E17010007g,다음을 계산하세요.,2 \times 7 = \boxed{\phantom{14}},2,X,7,=,□,14
E17_0_1,E17010008,다음을 계산하세요.,2 \times 8 = \boxed{\phantom{16}},2,X,8,=,□,16
E17_0_2,E17010008a,다음을 계산하세요.,2 \times 8 = \boxed{\phantom{16}},2,X,8,=,□,16
E18_0_1,E17010008b,다음을 계산하세요.,2 \times 8 = \boxed{\phantom{16}},2,X,8,=,□,16
E18_0_2,E17010008c,다음을 계산하세요.,2 \times 8 = \boxed{\phantom{16}},2,X,8,=,□,16
E19_0_1,E17010008d,다음을 계산하세요.,2 \times 8 = \boxed{\phantom{16}},2,X,8,=,□,16
E19_0_2,E17010008e,다음을 계산하세요.,2 \times 8 = \boxed{\phantom{16}},2,X,8,=,□,16
E20_0_1,E17010008f,다음을 계산하세요.,2 \times 8 = \boxed{\phantom{16}},2,X,8,=,□,16
E20_0_2,E17010008g,다음을 계산하세요.,2 \times 8 = \boxed{\phantom{16}},2,X,8,=,□,16
E17_0_1,E17010009,다음을 계산하세요.,2 \times 9 = \boxed{\phantom{18}},2,X,9,=,□,18
E17_0_2,E17010009a,다음을 계산하세요.,2 \times 9 = \boxed{\phantom{18}},2,X,9,=,□,18
E18_0_1,E17010009b,다음을 계산하세요.,2 \times 9 = \boxed{\phantom{18}},2,X,9,=,□,18
E18_0_2,E17010009c,다음을 계산하세요.,2 \times 9 = \boxed{\phantom{18}},2,X,9,=,□,18
E19_0_1,E17010009d,다음을 계산하세요.,2 \times 9 = \boxed{\phantom{18}},2,X,9,=,□,18
E19_0_2,E17010009e,다음을 계산하세요.,2 \times 9 = \boxed{\phantom{18}},2,X,9,=,□,18
E20_0_1,E17010009f,다음을 계산하세요.,2 \times 9 = \boxed{\phantom{18}},2,X,9,=,□,18
E20_0_2,E17010009g,다음을 계산하세요.,2 \times 9 = \boxed{\phantom{18}},2,X,9,=,□,18
E17_0_1,E17010013,다음을 계산하세요.,2\times1=~2\\2\times2=\boxed{\phantom{4}},2,X,2,=,□,4
E17_0_1,E17010014,다음을 계산하세요.,2\times3=~6\\2\times4=\boxed{\phantom{8}},2,X,4,=,□,8
E17_0_1,E17010016,다음을 계산하세요.,2\times7=~14\\2\times8=\boxed{\phantom{16}}\\2\times9=\boxed{\phantom{18}},2,X,8,=,□,16
E17_0_1,E17010018,다음을 계산하세요.,2\times4=~~8\\2\times5=\boxed{\phantom{10}}\\2\times6=\boxed{\phantom{12}},2,X,5,=,□,10
E17_0_2,E17020001,다음을 계산하세요.,5 \times 1 = \boxed{\phantom{5}},5,X,1,=,□,5
E18_0_1,E17020001b,다음을 계산하세요.,5 \times 1 = \boxed{\phantom{5}},5,X,1,=,□,5
E18_0_2,E17020001c,다음을 계산하세요.,5 \times 1 = \boxed{\phantom{5}},5,X,1,=,□,5
E19_0_1,E17020001d,다음을 계산하세요.,5 \times 1 = \boxed{\phantom{5}},5,X,1,=,□,5
E19_0_2,E17020001e,다음을 계산하세요.,5 \times 1 = \boxed{\phantom{5}},5,X,1,=,□,5
E20_0_1,E17020001f,다음을 계산하세요.,5 \times 1 = \boxed{\phantom{5}},5,X,1,=,□,5
E20_0_2,E17020001g,다음을 계산하세요.,5 \times 1 = \boxed{\phantom{5}},5,X,1,=,□,5
E17_0_2,E17020002,다음을 계산하세요.,5 \times 2 = \boxed{\phantom{10}},5,X,2,=,□,10
E18_0_1,E17020002b,다음을 계산하세요.,5 \times 2 = \boxed{\phantom{10}},5,X,2,=,□,10
E18_0_2,E17020002c,다음을 계산하세요.,5 \times 2 = \boxed{\phantom{10}},5,X,2,=,□,10
E19_0_1,E17020002d,다음을 계산하세요.,5 \times 2 = \boxed{\phantom{10}},5,X,2,=,□,10
E19_0_2,E17020002e,다음을 계산하세요.,5 \times 2 = \boxed{\phantom{10}},5,X,2,=,□,10
E20_0_1,E17020002f,다음을 계산하세요.,5 \times 2 = \boxed{\phantom{10}},5,X,2,=,□,10
E20_0_2,E17020002g,다음을 계산하세요.,5 \times 2 = \boxed{\phantom{10}},5,X,2,=,□,10
E17_0_2,E17020003,다음을 계산하세요.,5 \times 3 = \boxed{\phantom{15}},5,X,3,=,□,15
E18_0_1,E17020003b,다음을 계산하세요.,5 \times 3 = \boxed{\phantom{15}},5,X,3,=,□,15
E18_0_2,E17020003c,다음을 계산하세요.,5 \times 3 = \boxed{\phantom{15}},5,X,3,=,□,15
E19_0_1,E17020003d,다음을 계산하세요.,5 \times 3 = \boxed{\phantom{15}},5,X,3,=,□,15
E20_0_1,E17020003f,다음을 계산하세요.,5 \times 3 = \boxed{\phantom{15}},5,X,3,=,□,15
E20_0_2,E17020003g,다음을 계산하세요.,5 \times 3 = \boxed{\phantom{15}},5,X,3,=,□,15
E17_0_2,E17020004,다음을 계산하세요.,5 \times 4 = \boxed{\phantom{20}},5,X,4,=,□,20
E18_0_1,E17020004b,다음을 계산하세요.,5 \times 4 = \boxed{\phantom{20}},5,X,4,=,□,20
E18_0_2,E17020004c,다음을 계산하세요.,5 \times 4 = \boxed{\phantom{20}},5,X,4,=,□,20
E19_0_1,E17020004d,다음을 계산하세요.,5 \times 4 = \boxed{\phantom{20}},5,X,4,=,□,20
E19_0_2,E17020004e,다음을 계산하세요.,5 \times 4 = \boxed{\phantom{20}},5,X,4,=,□,20
E20_0_1,E17020004f,다음을 계산하세요.,5 \times 4 = \boxed{\phantom{20}},5,X,4,=,□,20
E20_0_2,E17020004g,다음을 계산하세요.,5 \times 4 = \boxed{\phantom{20}},5,X,4,=,□,20
E17_0_2,E17020005,다음을 계산하세요.,5 \times 5 = \boxed{\phantom{25}},5,X,5,=,□,25
E18_0_1,E17020005b,다음을 계산하세요.,5 \times 5 = \boxed{\phantom{25}},5,X,5,=,□,25
E18_0_2,E17020005c,다음을 계산하세요.,5 \times 5 = \boxed{\phantom{25}},5,X,5,=,□,25
E19_0_1,E17020005d,다음을 계산하세요.,5 \times 5 = \boxed{\phantom{25}},5,X,5,=,□,25
E19_0_2,E17020005e,다음을 계산하세요.,5 \times 5 = \boxed{\phantom{25}},5,X,5,=,□,25
E20_0_1,E17020005f,다음을 계산하세요.,5 \times 5 = \boxed{\phantom{25}},5,X,5,=,□,25
E20_0_2,E17020005g,다음을 계산하세요.,5 \times 5 = \boxed{\phantom{25}},5,X,5,=,□,25
E17_0_2,E17020006,다음을 계산하세요.,5 \times 6 = \boxed{\phantom{30}},5,X,6,=,□,30
E18_0_1,E17020006b,다음을 계산하세요.,5 \times 6 = \boxed{\phantom{30}},5,X,6,=,□,30
E18_0_2,E17020006c,다음을 계산하세요.,5 \times 6 = \boxed{\phantom{30}},5,X,6,=,□,30
E19_0_1,E17020006d,다음을 계산하세요.,5 \times 6 = \boxed{\phantom{30}},5,X,6,=,□,30
E19_0_2,E17020006e,다음을 계산하세요.,5 \times 6 = \boxed{\phantom{30}},5,X,6,=,□,30
E20_0_1,E17020006f,다음을 계산하세요.,5 \times 6 = \boxed{\phantom{30}},5,X,6,=,□,30
E20_0_2,E17020006g,다음을 계산하세요.,5 \times 6 = \boxed{\phantom{30}},5,X,6,=,□,30
E17_0_2,E17020007,다음을 계산하세요.,5 \times 7 = \boxed{\phantom{35}},5,X,7,=,□,35
E18_0_1,E17020007b,다음을 계산하세요.,5 \times 7 = \boxed{\phantom{35}},5,X,7,=,□,35
E18_0_2,E17020007c,다음을 계산하세요.,5 \times 7 = \boxed{\phantom{35}},5,X,7,=,□,35
E19_0_1,E17020007d,다음을 계산하세요.,5 \times 7 = \boxed{\phantom{35}},5,X,7,=,□,35
E19_0_2,E17020007e,다음을 계산하세요.,5 \times 7 = \boxed{\phantom{35}},5,X,7,=,□,35
E20_0_1,E17020007f,다음을 계산하세요.,5 \times 7 = \boxed{\phantom{35}},5,X,7,=,□,35
E20_0_2,E17020007g,다음을 계산하세요.,5 \times 7 = \boxed{\phantom{35}},5,X,7,=,□,35
E17_0_2,E17020008,다음을 계산하세요.,5 \times 8 = \boxed{\phantom{40}},5,X,8,=,□,40
E18_0_1,E17020008b,다음을 계산하세요.,5 \times 8 = \boxed{\phantom{40}},5,X,8,=,□,40
E18_0_2,E17020008c,다음을 계산하세요.,5 \times 8 = \boxed{\phantom{40}},5,X,8,=,□,40
E19_0_1,E17020008d,다음을 계산하세요.,5 \times 8 = \boxed{\phantom{40}},5,X,8,=,□,40
E19_0_2,E17020008e,다음을 계산하세요.,5 \times 8 = \boxed{\phantom{40}},5,X,8,=,□,40
E20_0_2,E17020008g,다음을 계산하세요.,5 \times 8 = \boxed{\phantom{40}},5,X,8,=,□,40
E17_0_2,E17020009,다음을 계산하세요.,5 \times 9 = \boxed{\phantom{45}},5,X,9,=,□,45
E18_0_1,E17020009b,다음을 계산하세요.,5 \times 9 = \boxed{\phantom{45}},5,X,9,=,□,45
E18_0_2,E17020009c,다음을 계산하세요.,5 \times 9 = \boxed{\phantom{45}},5,X,9,=,□,45
E19_0_1,E17020009d,다음을 계산하세요.,5 \times 9 = \boxed{\phantom{45}},5,X,9,=,□,45
E19_0_2,E17020009e,다음을 계산하세요.,5 \times 9 = \boxed{\phantom{45}},5,X,9,=,□,45
E20_0_1,E17020009f,다음을 계산하세요.,5 \times 9 = \boxed{\phantom{45}},5,X,9,=,□,45
E20_0_2,E17020009g,다음을 계산하세요.,5 \times 9 = \boxed{\phantom{45}},5,X,9,=,□,45
E17_0_2,E17020013,다음을 계산하세요.,5\times1=~~5\\5\times2=\boxed{\phantom{10}},5,X,2,=,□,10
E17_0_2,E17020014,다음을 계산하세요.,5\times3=~15\\5\times4=\boxed{\phantom{20}},5,X,4,=,□,20
E17_0_2,E17020016,다음을 계산하세요.,5\times7=~35\\5\times8=\boxed{\phantom{40}}\\5\times9=\boxed{\phantom{45}},5,X,8,=,□,40
E17_0_2,E17020018,다음을 계산하세요.,5\times4=~20\\5\times5=\boxed{\phantom{25}}\\5\times6=\boxed{\phantom{30}},5,X,5,=,□,25
E18_0_1,E18010001,다음을 계산하세요.,3 \times 1 = \boxed{\phantom{3}},3,X,1,=,□,3
E18_0_2,E18010001c,다음을 계산하세요.,3 \times 1 = \boxed{\phantom{3}},3,X,1,=,□,3
E19_0_1,E18010001d,다음을 계산하세요.,3 \times 1 = \boxed{\phantom{3}},3,X,1,=,□,3
E19_0_2,E18010001e,다음을 계산하세요.,3 \times 1 = \boxed{\phantom{3}},3,X,1,=,□,3
E20_0_1,E18010001f,다음을 계산하세요.,3 \times 1 = \boxed{\phantom{3}},3,X,1,=,□,3
E20_0_2,E18010001g,다음을 계산하세요.,3 \times 1 = \boxed{\phantom{3}},3,X,1,=,□,3
E18_0_1,E18010002,다음을 계산하세요.,3 \times 2 = \boxed{\phantom{6}},3,X,2,=,□,6
E18_0_2,E18010002c,다음을 계산하세요.,3 \times 2 = \boxed{\phantom{6}},3,X,2,=,□,6
E19_0_1,E18010002d,다음을 계산하세요.,3 \times 2 = \boxed{\phantom{6}},3,X,2,=,□,6
E19_0_2,E18010002e,다음을 계산하세요.,3 \times 2 = \boxed{\phantom{6}},3,X,2,=,□,6
E20_0_1,E18010002f,다음을 계산하세요.,3 \times 2 = \boxed{\phantom{6}},3,X,2,=,□,6
E20_0_2,E18010002g,다음을 계산하세요.,3 \times 2 = \boxed{\phantom{6}},3,X,2,=,□,6
E18_0_1,E18010003,다음을 계산하세요.,3 \times 3 = \boxed{\phantom{9}},3,X,3,=,□,9
E18_0_2,E18010003c,다음을 계산하세요.,3 \times 3 = \boxed{\phantom{9}},3,X,3,=,□,9
E19_0_1,E18010003d,다음을 계산하세요.,3 \times 3 = \boxed{\phantom{9}},3,X,3,=,□,9
E19_0_2,E18010003e,다음을 계산하세요.,3 \times 3 = \boxed{\phantom{9}},3,X,3,=,□,9
E20_0_1,E18010003f,다음을 계산하세요.,3 \times 3 = \boxed{\phantom{9}},3,X,3,=,□,9
E20_0_2,E18010003g,다음을 계산하세요.,3 \times 3 = \boxed{\phantom{9}},3,X,3,=,□,9
E18_0_1,E18010004,다음을 계산하세요.,3 \times 4 = \boxed{\phantom{12}},3,X,4,=,□,12
E18_0_2,E18010004c,다음을 계산하세요.,3 \times 4 = \boxed{\phantom{12}},3,X,4,=,□,12
E19_0_1,E18010004d,다음을 계산하세요.,3 \times 4 = \boxed{\phantom{12}},3,X,4,=,□,12
E19_0_2,E18010004e,다음을 계산하세요.,3 \times 4 = \boxed{\phantom{12}},3,X,4,=,□,12
E20_0_2,E18010004g,다음을 계산하세요.,3 \times 4 = \boxed{\phantom{12}},3,X,4,=,□,12
E18_0_1,E18010005,다음을 계산하세요.,3 \times 5 = \boxed{\phantom{15}},3,X,5,=,□,15
E18_0_2,E18010005c,다음을 계산하세요.,3 \times 5 = \boxed{\phantom{15}},3,X,5,=,□,15
E19_0_1,E18010005d,다음을 계산하세요.,3 \times 5 = \boxed{\phantom{15}},3,X,5,=,□,15
E19_0_2,E18010005e,다음을 계산하세요.,3 \times 5 = \boxed{\phantom{15}},3,X,5,=,□,15
E20_0_2,E18010005g,다음을 계산하세요.,3 \times 5 = \boxed{\phantom{15}},3,X,5,=,□,15
E18_0_1,E18010006,다음을 계산하세요.,3 \times 6 = \boxed{\phantom{18}},3,X,6,=,□,18
E18_0_2,E18010006c,다음을 계산하세요.,3 \times 6 = \boxed{\phantom{18}},3,X,6,=,□,18
E19_0_1,E18010006d,다음을 계산하세요.,3 \times 6 = \boxed{\phantom{18}},3,X,6,=,□,18
E19_0_2,E18010006e,다음을 계산하세요.,3 \times 6 = \boxed{\phantom{18}},3,X,6,=,□,18
E20_0_1,E18010006f,다음을 계산하세요.,3 \times 6 = \boxed{\phantom{18}},3,X,6,=,□,18
E18_0_1,E18010007,다음을 계산하세요.,3 \times 7 = \boxed{\phantom{21}},3,X,7,=,□,21
E18_0_2,E18010007c,다음을 계산하세요.,3 \times 7 = \boxed{\phantom{21}},3,X,7,=,□,21
E19_0_1,E18010007d,다음을 계산하세요.,3 \times 7 = \boxed{\phantom{21}},3,X,7,=,□,21
E19_0_2,E18010007e,다음을 계산하세요.,3 \times 7 = \boxed{\phantom{21}},3,X,7,=,□,21
E20_0_1,E18010007f,다음을 계산하세요.,3 \times 7 = \boxed{\phantom{21}},3,X,7,=,□,21
E20_0_2,E18010007g,다음을 계산하세요.,3 \times 7 = \boxed{\phantom{21}},3,X,7,=,□,21
E18_0_1,E18010008,다음을 계산하세요.,3 \times 8 = \boxed{\phantom{24}},3,X,8,=,□,24
E18_0_2,E18010008c,다음을 계산하세요.,3 \times 8 = \boxed{\phantom{24}},3,X,8,=,□,24
E19_0_1,E18010008d,다음을 계산하세요.,3 \times 8 = \boxed{\phantom{24}},3,X,8,=,□,24
E19_0_2,E18010008e,다음을 계산하세요.,3 \times 8 = \boxed{\phantom{24}},3,X,8,=,□,24
E20_0_1,E18010008f,다음을 계산하세요.,3 \times 8 = \boxed{\phantom{24}},3,X,8,=,□,24
E20_0_2,E18010008g,다음을 계산하세요.,3 \times 8 = \boxed{\phantom{24}},3,X,8,=,□,24
E18_0_1,E18010009,다음을 계산하세요.,3 \times 9 = \boxed{\phantom{27}},3,X,9,=,□,27
E18_0_2,E18010009c,다음을 계산하세요.,3 \times 9 = \boxed{\phantom{27}},3,X,9,=,□,27
E19_0_1,E18010009d,다음을 계산하세요.,3 \times 9 = \boxed{\phantom{27}},3,X,9,=,□,27
E19_0_2,E18010009e,다음을 계산하세요.,3 \times 9 = \boxed{\phantom{27}},3,X,9,=,□,27
E20_0_1,E18010009f,다음을 계산하세요.,3 \times 9 = \boxed{\phantom{27}},3,X,9,=,□,27
E20_0_2,E18010009g,다음을 계산하세요.,3 \times 9 = \boxed{\phantom{27}},3,X,9,=,□,27
E18_0_1,E18010013,다음을 계산하세요.,3\times1=~3\\3\times2=\boxed{\phantom{6}},3,X,2,=,□,6
E18_0_1,E18010014,다음을 계산하세요.,3\times3=~~9\\3\times4=\boxed{\phantom{12}},3,X,4,=,□,12
E18_0_1,E18010016,다음을 계산하세요.,3\times7=~21\\3\times8=\boxed{\phantom{24}}\\3\times9=\boxed{\phantom{27}},3,X,8,=,□,24
E18_0_1,E18010018,다음을 계산하세요.,3\times4=~12\\3\times5=\boxed{\phantom{15}}\\3\times6=\boxed{\phantom{18}},3,X,5,=,□,15
E18_0_2,E18020001,다음을 계산하세요.,4 \times 1 = \boxed{\phantom{4}},4,X,1,=,□,4
E19_0_1,E18020001d,다음을 계산하세요.,4 \times 1 = \boxed{\phantom{4}},4,X,1,=,□,4
E19_0_2,E18020001e,다음을 계산하세요.,4 \times 1 = \boxed{\phantom{4}},4,X,1,=,□,4
E20_0_1,E18020001f,다음을 계산하세요.,4 \times 1 = \boxed{\phantom{4}},4,X,1,=,□,4
E20_0_2,E18020001g,다음을 계산하세요.,4 \times 1 = \boxed{\phantom{4}},4,X,1,=,□,4
E18_0_2,E18020002,다음을 계산하세요.,4 \times 2 = \boxed{\phantom{8}},4,X,2,=,□,8
E19_0_1,E18020002d,다음을 계산하세요.,4 \times 2 = \boxed{\phantom{8}},4,X,2,=,□,8
E19_0_2,E18020002e,다음을 계산하세요.,4 \times 2 = \boxed{\phantom{8}},4,X,2,=,□,8
E20_0_2,E18020002g,다음을 계산하세요.,4 \times 2 = \boxed{\phantom{8}},4,X,2,=,□,8
E18_0_2,E18020003,다음을 계산하세요.,4 \times 3 = \boxed{\phantom{12}},4,X,3,=,□,12
E19_0_1,E18020003d,다음을 계산하세요.,4 \times 3 = \boxed{\phantom{12}},4,X,3,=,□,12
E19_0_2,E18020003e,다음을 계산하세요.,4 \times 3 = \boxed{\phantom{12}},4,X,3,=,□,12
E20_0_1,E18020003f,다음을 계산하세요.,4 \times 3 = \boxed{\phantom{12}},4,X,3,=,□,12
E20_0_2,E18020003g,다음을 계산하세요.,4 \times 3 = \boxed{\phantom{12}},4,X,3,=,□,12
E18_0_2,E18020004,다음을 계산하세요.,4 \times 4 = \boxed{\phantom{16}},4,X,4,=,□,16
E19_0_1,E18020004d,다음을 계산하세요.,4 \times 4 = \boxed{\phantom{16}},4,X,4,=,□,16
E20_0_1,E18020004f,다음을 계산하세요.,4 \times 4 = \boxed{\phantom{16}},4,X,4,=,□,16
E20_0_2,E18020004g,다음을 계산하세요.,4 \times 4 = \boxed{\phantom{16}},4,X,4,=,□,16
E18_0_2,E18020005,다음을 계산하세요.,4 \times 5 = \boxed{\phantom{20}},4,X,5,=,□,20
E19_0_1,E18020005d,다음을 계산하세요.,4 \times 5 = \boxed{\phantom{20}},4,X,5,=,□,20
E19_0_2,E18020005e,다음을 계산하세요.,4 \times 5 = \boxed{\phantom{20}},4,X,5,=,□,20
E20_0_1,E18020005f,다음을 계산하세요.,4 \times 5 = \boxed{\phantom{20}},4,X,5,=,□,20
E20_0_2,E18020005g,다음을 계산하세요.,4 \times 5 = \boxed{\phantom{20}},4,X,5,=,□,20
E18_0_2,E18020006,다음을 계산하세요.,4 \times 6 = \boxed{\phantom{24}},4,X,6,=,□,24
E19_0_1,E18020006d,다음을 계산하세요.,4 \times 6 = \boxed{\phantom{24}},4,X,6,=,□,24
E19_0_2,E18020006e,다음을 계산하세요.,4 \times 6 = \boxed{\phantom{24}},4,X,6,=,□,24
E20_0_1,E18020006f,다음을 계산하세요.,4 \times 6 = \boxed{\phantom{24}},4,X,6,=,□,24
E20_0_2,E18020006g,다음을 계산하세요.,4 \times 6 = \boxed{\phantom{24}},4,X,6,=,□,24
E18_0_2,E18020007,다음을 계산하세요.,4 \times 7 = \boxed{\phantom{28}},4,X,7,=,□,28
E19_0_1,E18020007d,다음을 계산하세요.,4 \times 7 = \boxed{\phantom{28}},4,X,7,=,□,28
E19_0_2,E18020007e,다음을 계산하세요.,4 \times 7 = \boxed{\phantom{28}},4,X,7,=,□,28
E20_0_1,E18020007f,다음을 계산하세요.,4 \times 7 = \boxed{\phantom{28}},4,X,7,=,□,28
E20_0_2,E18020007g,다음을 계산하세요.,4 \times 7 = \boxed{\phantom{28}},4,X,7,=,□,28
E18_0_2,E18020008,다음을 계산하세요.,4 \times 8 = \boxed{\phantom{32}},4,X,8,=,□,32
E19_0_1,E18020008d,다음을 계산하세요.,4 \times 8 = \boxed{\phantom{32}},4,X,8,=,□,32
E19_0_2,E18020008e,다음을 계산하세요.,4 \times 8 = \boxed{\phantom{32}},4,X,8,=,□,32
E20_0_1,E18020008f,다음을 계산하세요.,4 \times 8 = \boxed{\phantom{32}},4,X,8,=,□,32
E20_0_2,E18020008g,다음을 계산하세요.,4 \times 8 = \boxed{\phantom{32}},4,X,8,=,□,32
E18_0_2,E18020009,다음을 계산하세요.,4 \times 9 = \boxed{\phantom{36}},4,X,9,=,□,36
E19_0_1,E18020009d,다음을 계산하세요.,4 \times 9 = \boxed{\phantom{36}},4,X,9,=,□,36
E19_0_2,E18020009e,다음을 계산하세요.,4 \times 9 = \boxed{\phantom{36}},4,X,9,=,□,36
E20_0_1,E18020009f,다음을 계산하세요.,4 \times 9 = \boxed{\phantom{36}},4,X,9,=,□,36
E20_0_2,E18020009g,다음을 계산하세요.,4 \times 9 = \boxed{\phantom{36}},4,X,9,=,□,36
E18_0_2,E18020013,다음을 계산하세요.,4\times1=~4\\4\times2=\boxed{\phantom{8}},4,X,2,=,□,8
E18_0_2,E18020014,다음을 계산하세요.,4\times3=~12\\4\times4=\boxed{\phantom{16}},4,X,4,=,□,16
E18_0_2,E18020016,다음을 계산하세요.,4\times7=~28\\4\times8=\boxed{\phantom{32}}\\4\times9=\boxed{\phantom{36}},4,X,8,=,□,32
E18_0_2,E18020018,다음을 계산하세요.,4\times4=~16\\4\times5=\boxed{\phantom{20}}\\4\times6=\boxed{\phantom{24}},4,X,5,=,□,20
E19_0_1,E19010001,다음을 계산하세요.,6 \times 1 = \boxed{\phantom{6}},6,X,1,=,□,6
E19_0_2,E19010001e,다음을 계산하세요.,6 \times 1 = \boxed{\phantom{6}},6,X,1,=,□,6
E20_0_1,E19010001f,다음을 계산하세요.,6 \times 1 = \boxed{\phantom{6}},6,X,1,=,□,6
E20_0_2,E19010001g,다음을 계산하세요.,6 \times 1 = \boxed{\phantom{6}},6,X,1,=,□,6
E19_0_1,E19010002,다음을 계산하세요.,6 \times 2 = \boxed{\phantom{12}},6,X,2,=,□,12
E19_0_2,E19010002e,다음을 계산하세요.,6 \times 2 = \boxed{\phantom{12}},6,X,2,=,□,12
E20_0_1,E19010002f,다음을 계산하세요.,6 \times 2 = \boxed{\phantom{12}},6,X,2,=,□,12
E20_0_2,E19010002g,다음을 계산하세요.,6 \times 2 = \boxed{\phantom{12}},6,X,2,=,□,12
E19_0_1,E19010003,다음을 계산하세요.,6 \times 3 = \boxed{\phantom{18}},6,X,3,=,□,18
E19_0_2,E19010003e,다음을 계산하세요.,6 \times 3 = \boxed{\phantom{18}},6,X,3,=,□,18
E20_0_1,E19010003f,다음을 계산하세요.,6 \times 3 = \boxed{\phantom{18}},6,X,3,=,□,18
E20_0_2,E19010003g,다음을 계산하세요.,6 \times 3 = \boxed{\phantom{18}},6,X,3,=,□,18
E19_0_1,E19010004,다음을 계산하세요.,6 \times 4 = \boxed{\phantom{24}},6,X,4,=,□,24
E19_0_2,E19010004e,다음을 계산하세요.,6 \times 4 = \boxed{\phantom{24}},6,X,4,=,□,24
E20_0_1,E19010004f,다음을 계산하세요.,6 \times 4 = \boxed{\phantom{24}},6,X,4,=,□,24
E20_0_2,E19010004g,다음을 계산하세요.,6 \times 4 = \boxed{\phantom{24}},6,X,4,=,□,24
E19_0_1,E19010005,다음을 계산하세요.,6 \times 5 = \boxed{\phantom{30}},6,X,5,=,□,30
E19_0_2,E19010005e,다음을 계산하세요.,6 \times 5 = \boxed{\phantom{30}},6,X,5,=,□,30
E20_0_1,E19010005f,다음을 계산하세요.,6 \times 5 = \boxed{\phantom{30}},6,X,5,=,□,30
E20_0_2,E19010005g,다음을 계산하세요.,6 \times 5 = \boxed{\phantom{30}},6,X,5,=,□,30
E19_0_1,E19010006,다음을 계산하세요.,6 \times 6 = \boxed{\phantom{36}},6,X,6,=,□,36
E19_0_2,E19010006e,다음을 계산하세요.,6 \times 6 = \boxed{\phantom{36}},6,X,6,=,□,36
E20_0_1,E19010006f,다음을 계산하세요.,6 \times 6 = \boxed{\phantom{36}},6,X,6,=,□,36
E20_0_2,E19010006g,다음을 계산하세요.,6 \times 6 = \boxed{\phantom{36}},6,X,6,=,□,36
E19_0_1,E19010007,다음을 계산하세요.,6 \times 7 = \boxed{\phantom{42}},6,X,7,=,□,42
E19_0_2,E19010007e,다음을 계산하세요.,6 \times 7 = \boxed{\phantom{42}},6,X,7,=,□,42
E20_0_1,E19010007f,다음을 계산하세요.,6 \times 7 = \boxed{\phantom{42}},6,X,7,=,□,42
E20_0_2,E19010007g,다음을 계산하세요.,6 \times 7 = \boxed{\phantom{42}},6,X,7,=,□,42
E19_0_1,E19010008,다음을 계산하세요.,6 \times 8 = \boxed{\phantom{48}},6,X,8,=,□,48
E19_0_2,E19010008e,다음을 계산하세요.,6 \times 8 = \boxed{\phantom{48}},6,X,8,=,□,48
E20_0_1,E19010008f,다음을 계산하세요.,6 \times 8 = \boxed{\phantom{48}},6,X,8,=,□,48
E19_0_1,E19010009,다음을 계산하세요.,6 \times 9 = \boxed{\phantom{54}},6,X,9,=,□,54
E19_0_2,E19010009e,다음을 계산하세요.,6 \times 9 = \boxed{\phantom{54}},6,X,9,=,□,54
E20_0_1,E19010009f,다음을 계산하세요.,6 \times 9 = \boxed{\phantom{54}},6,X,9,=,□,54
E20_0_2,E19010009g,다음을 계산하세요.,6 \times 9 = \boxed{\phantom{54}},6,X,9,=,□,54
E19_0_1,E19010013,다음을 계산하세요.,6\times1=~~6\\6\times2=\boxed{\phantom{12}},6,X,2,=,□,12
E19_0_1,E19010014,다음을 계산하세요.,6\times3=~18\\6\times4=\boxed{\phantom{24}},6,X,4,=,□,24
E19_0_1,E19010016,다음을 계산하세요.,6\times7=~42\\6\times8=\boxed{\phantom{48}}\\6\times9=\boxed{\phantom{54}},6,X,8,=,□,48
E19_0_1,E19010018,다음을 계산하세요.,6\times4=~24\\6\times5=\boxed{\phantom{30}}\\6\times6=\boxed{\phantom{36}},6,X,5,=,□,30
E19_0_2,E19020001,다음을 계산하세요.,7 \times 1 = \boxed{\phantom{7}},7,X,1,=,□,7
E20_0_1,E19020001f,다음을 계산하세요.,7 \times 1 = \boxed{\phantom{7}},7,X,1,=,□,7
E20_0_2,E19020001g,다음을 계산하세요.,7 \times 1 = \boxed{\phantom{7}},7,X,1,=,□,7
E19_0_2,E19020002,다음을 계산하세요.,7 \times 2 = \boxed{\phantom{14}},7,X,2,=,□,14
E20_0_1,E19020002f,다음을 계산하세요.,7 \times 2 = \boxed{\phantom{14}},7,X,2,=,□,14
E20_0_2,E19020002g,다음을 계산하세요.,7 \times 2 = \boxed{\phantom{14}},7,X,2,=,□,14
E19_0_2,E19020003,다음을 계산하세요.,7 \times 3 = \boxed{\phantom{21}},7,X,3,=,□,21
E20_0_1,E19020003f,다음을 계산하세요.,7 \times 3 = \boxed{\phantom{21}},7,X,3,=,□,21
E20_0_2,E19020003g,다음을 계산하세요.,7 \times 3 = \boxed{\phantom{21}},7,X,3,=,□,21
E19_0_2,E19020004,다음을 계산하세요.,7 \times 4 = \boxed{\phantom{28}},7,X,4,=,□,28
E20_0_1,E19020004f,다음을 계산하세요.,7 \times 4 = \boxed{\phantom{28}},7,X,4,=,□,28
E20_0_2,E19020004g,다음을 계산하세요.,7 \times 4 = \boxed{\phantom{28}},7,X,4,=,□,28
E19_0_2,E19020005,다음을 계산하세요.,7 \times 5 = \boxed{\phantom{35}},7,X,5,=,□,35
E20_0_1,E19020005f,다음을 계산하세요.,7 \times 5 = \boxed{\phantom{35}},7,X,5,=,□,35
E19_0_2,E19020006,다음을 계산하세요.,7 \times 6 = \boxed{\phantom{42}},7,X,6,=,□,42
E20_0_1,E19020006f,다음을 계산하세요.,7 \times 6 = \boxed{\phantom{42}},7,X,6,=,□,42
E20_0_2,E19020006g,다음을 계산하세요.,7 \times 6 = \boxed{\phantom{42}},7,X,6,=,□,42
E19_0_2,E19020007,다음을 계산하세요.,7 \times 7 = \boxed{\phantom{49}},7,X,7,=,□,49
E20_0_2,E19020007g,다음을 계산하세요.,7 \times 7 = \boxed{\phantom{49}},7,X,7,=,□,49
E19_0_2,E19020008,다음을 계산하세요.,7 \times 8 = \boxed{\phantom{56}},7,X,8,=,□,56
E20_0_1,E19020008f,다음을 계산하세요.,7 \times 8 = \boxed{\phantom{56}},7,X,8,=,□,56
E20_0_2,E19020008g,다음을 계산하세요.,7 \times 8 = \boxed{\phantom{56}},7,X,8,=,□,56
E19_0_2,E19020009,다음을 계산하세요.,7 \times 9 = \boxed{\phantom{63}},7,X,9,=,□,63
E20_0_1,E19020009f,다음을 계산하세요.,7 \times 9 = \boxed{\phantom{63}},7,X,9,=,□,63
E19_0_2,E19020013,다음을 계산하세요.,7\times1=~~7\\7\times2=\boxed{\phantom{14}},7,X,2,=,□,14
E19_0_2,E19020014,다음을 계산하세요.,7\times3=~21\\7\times4=\boxed{\phantom{28}},7,X,4,=,□,28
E19_0_2,E19020016,다음을 계산하세요.,7\times7=~49\\7\times8=\boxed{\phantom{56}}\\7\times9=\boxed{\phantom{63}},7,X,8,=,□,56
E19_0_2,E19020018,다음을 계산하세요.,7\times4=~28\\7\times5=\boxed{\phantom{35}}\\7\times6=\boxed{\phantom{42}},7,X,5,=,□,35
E20_0_1,E20010001,다음을 계산하세요.,8 \times 1 = \boxed{\phantom{8}},8,X,1,=,□,8
E20_0_2,E20010001g,다음을 계산하세요.,8 \times 1 = \boxed{\phantom{8}},8,X,1,=,□,8
E20_0_1,E20010002,다음을 계산하세요.,8 \times 2 = \boxed{\phantom{16}},8,X,2,=,□,16
E20_0_2,E20010002g,다음을 계산하세요.,8 \times 2 = \boxed{\phantom{16}},8,X,2,=,□,16
E20_0_1,E20010003,다음을 계산하세요.,8 \times 3 = \boxed{\phantom{24}},8,X,3,=,□,24
E20_0_2,E20010003g,다음을 계산하세요.,8 \times 3 = \boxed{\phantom{24}},8,X,3,=,□,24
E20_0_1,E20010004,다음을 계산하세요.,8 \times 4 = \boxed{\phantom{32}},8,X,4,=,□,32
E20_0_2,E20010004g,다음을 계산하세요.,8 \times 4 = \boxed{\phantom{32}},8,X,4,=,□,32
E20_0_1,E20010005,다음을 계산하세요.,8 \times 5 = \boxed{\phantom{40}},8,X,5,=,□,40
E20_0_2,E20010005g,다음을 계산하세요.,8 \times 5 = \boxed{\phantom{40}},8,X,5,=,□,40
E20_0_1,E20010006,다음을 계산하세요.,8 \times 6 = \boxed{\phantom{48}},8,X,6,=,□,48
E20_0_1,E20010007,다음을 계산하세요.,8 \times 7 = \boxed{\phantom{56}},8,X,7,=,□,56
E20_0_2,E20010007g,다음을 계산하세요.,8 \times 7 = \boxed{\phantom{56}},8,X,7,=,□,56
E20_0_1,E20010008,다음을 계산하세요.,8 \times 8 = \boxed{\phantom{64}},8,X,8,=,□,64
E20_0_2,E20010008g,다음을 계산하세요.,8 \times 8 = \boxed{\phantom{64}},8,X,8,=,□,64
E20_0_1,E20010009,다음을 계산하세요.,8 \times 9 = \boxed{\phantom{72}},8,X,9,=,□,72
E20_0_1,E20010013,다음을 계산하세요.,8\times1=~~8\\8\times2=\boxed{\phantom{16}},8,X,2,=,□,16
E20_0_1,E20010014,다음을 계산하세요.,8\times3=~24\\8\times4=\boxed{\phantom{32}},8,X,4,=,□,32
E20_0_1,E20010016,다음을 계산하세요.,8\times7=~56\\8\times8=\boxed{\phantom{64}}\\8\times9=\boxed{\phantom{72}},8,X,8,=,□,64
E20_0_1,E20010018,다음을 계산하세요.,8\times4=~32\\8\times5=\boxed{\phantom{40}}\\8\times6=\boxed{\phantom{48}},8,X,5,=,□,40
E20_0_2,E20020001,다음을 계산하세요.,9 \times 1 = \boxed{\phantom{9}},9,X,1,=,□,9
E20_0_2,E20020002,다음을 계산하세요.,9 \times 2 = \boxed{\phantom{18}},9,X,2,=,□,18
E20_0_2,E20020003,다음을 계산하세요.,9 \times 3 = \boxed{\phantom{27}},9,X,3,=,□,27
E20_0_2,E20020004,다음을 계산하세요.,9 \times 4 = \boxed{\phantom{36}},9,X,4,=,□,36
E20_0_2,E20020005,다음을 계산하세요.,9 \times 5 = \boxed{\phantom{45}},9,X,5,=,□,45
E20_0_2,E20020006,다음을 계산하세요.,9 \times 6 = \boxed{\phantom{54}},9,X,6,=,□,54
E20_0_2,E20020007,다음을 계산하세요.,9 \times 7 = \boxed{\phantom{63}},9,X,7,=,□,63
E20_0_2,E20020008,다음을 계산하세요.,9 \times 8 = \boxed{\phantom{72}},9,X,8,=,□,72
E20_0_2,E20020009,다음을 계산하세요.,9 \times 9 = \boxed{\phantom{81}},9,X,9,=,□,81
E20_0_2,E20020013,다음을 계산하세요.,9\times1=~~9\\9\times2=\boxed{\phantom{18}},9,X,2,=,□,18
E20_0_2,E20020014,다음을 계산하세요.,9\times3=~27\\9\times4=\boxed{\phantom{36}},9,X,4,=,□,36
E20_0_2,E20020016,다음을 계산하세요.,9\times7=~63\\9\times8=\boxed{\phantom{72}}\\9\times9=\boxed{\phantom{81}},9,X,8,=,□,72
E20_0_2,E20020018,다음을 계산하세요.,9\times4=~36\\9\times5=\boxed{\phantom{45}}\\9\times6=\boxed{\phantom{54}},9,X,5,=,□,45
