stg_cd,qst_cd,text_cn,qst_cn,qst_cransr
E17_0_1,E17010001,다음을 계산하세요.,2 \times 1 = \boxed{\phantom{2}},2
E17_0_2,E17010001a,다음을 계산하세요.,2 \times 1 = \boxed{\phantom{2}},2
E18_0_1,E17010001b,다음을 계산하세요.,2 \times 1 = \boxed{\phantom{2}},2
E18_0_2,E17010001c,다음을 계산하세요.,2 \times 1 = \boxed{\phantom{2}},2
E19_0_1,E17010001d,다음을 계산하세요.,2 \times 1 = \boxed{\phantom{2}},2
E19_0_2,E17010001e,다음을 계산하세요.,2 \times 1 = \boxed{\phantom{2}},2
E17_0_1,E17010002,다음을 계산하세요.,2 \times 2 = \boxed{\phantom{4}},4
E17_0_2,E17010002a,다음을 계산하세요.,2 \times 2 = \boxed{\phantom{4}},4
E18_0_1,E17010002b,다음을 계산하세요.,2 \times 2 = \boxed{\phantom{4}},4
E18_0_2,E17010002c,다음을 계산하세요.,2 \times 2 = \boxed{\phantom{4}},4
E19_0_1,E17010002d,다음을 계산하세요.,2 \times 2 = \boxed{\phantom{4}},4
E19_0_2,E17010002e,다음을 계산하세요.,2 \times 2 = \boxed{\phantom{4}},4
E20_0_1,E17010002f,다음을 계산하세요.,2 \times 2 = \boxed{\phantom{4}},4
E20_0_2,E17010002g,다음을 계산하세요.,2 \times 2 = \boxed{\phantom{4}},4
E17_0_1,E17010003,다음을 계산하세요.,2 \times 3 = \boxed{\phantom{6}},6
E17_0_2,E17010003a,다음을 계산하세요.,2 \times 3 = \boxed{\phantom{6}},6
E18_0_1,E17010003b,다음을 계산하세요.,2 \times 3 = \boxed{\phantom{6}},6
E18_0_2,E17010003c,다음을 계산하세요.,2 \times 3 = \boxed{\phantom{6}},6
E19_0_1,E17010003d,다음을 계산하세요.,2 \times 3 = \boxed{\phantom{6}},6
E19_0_2,E17010003e,다음을 계산하세요.,2 \times 3 = \boxed{\phantom{6}},6
E20_0_1,E17010003f,다음을 계산하세요.,2 \times 3 = \boxed{\phantom{6}},6
E20_0_2,E17010003g,다음을 계산하세요.,2 \times 3 = \boxed{\phantom{6}},6
E17_0_1,E17010004,다음을 계산하세요.,2 \times 4 = \boxed{\phantom{8}},8
E17_0_2,E17010004a,다음을 계산하세요.,2 \times 4 = \boxed{\phantom{8}},8
E18_0_1,E17010004b,다음을 계산하세요.,2 \times 4 = \boxed{\phantom{8}},8
E18_0_2,E17010004c,다음을 계산하세요.,2 \times 4 = \boxed{\phantom{8}},8
E19_0_1,E17010004d,다음을 계산하세요.,2 \times 4 = \boxed{\phantom{8}},8
E19_0_2,E17010004e,다음을 계산하세요.,2 \times 4 = \boxed{\phantom{8}},8
E20_0_1,E17010004f,다음을 계산하세요.,2 \times 4 = \boxed{\phantom{8}},8
E20_0_2,E17010004g,다음을 계산하세요.,2 \times 4 = \boxed{\phantom{8}},8
E17_0_1,E17010005,다음을 계산하세요.,2 \times 5 = \boxed{\phantom{10}},10
E17_0_2,E17010005a,다음을 계산하세요.,2 \times 5 = \boxed{\phantom{10}},10
E18_0_1,E17010005b,다음을 계산하세요.,2 \times 5 = \boxed{\phantom{10}},10
E18_0_2,E17010005c,다음을 계산하세요.,2 \times 5 = \boxed{\phantom{10}},10
E19_0_1,E17010005d,다음을 계산하세요.,2 \times 5 = \boxed{\phantom{10}},10
E19_0_2,E17010005e,다음을 계산하세요.,2 \times 5 = \boxed{\phantom{10}},10
E20_0_1,E17010005f,다음을 계산하세요.,2 \times 5 = \boxed{\phantom{10}},10
E20_0_2,E17010005g,다음을 계산하세요.,2 \times 5 = \boxed{\phantom{10}},10
E17_0_1,E17010006,다음을 계산하세요.,2 \times 6 = \boxed{\phantom{12}},12
E17_0_2,E17010006a,다음을 계산하세요.,2 \times 6 = \boxed{\phantom{12}},12
E18_0_1,E17010006b,다음을 계산하세요.,2 \times 6 = \boxed{\phantom{12}},12
E18_0_2,E17010006c,다음을 계산하세요.,2 \times 6 = \boxed{\phantom{12}},12
E19_0_1,E17010006d,다음을 계산하세요.,2 \times 6 = \boxed{\phantom{12}},12
E19_0_2,E17010006e,다음을 계산하세요.,2 \times 6 = \boxed{\phantom{12}},12
E20_0_1,E17010006f,다음을 계산하세요.,2 \times 6 = \boxed{\phantom{12}},12
E20_0_2,E17010006g,다음을 계산하세요.,2 \times 6 = \boxed{\phantom{12}},12
E17_0_1,E17010007,다음을 계산하세요.,2 \times 7 = \boxed{\phantom{14}},14
E17_0_2,E17010007a,다음을 계산하세요.,2 \times 7 = \boxed{\phantom{14}},14
E18_0_1,E17010007b,다음을 계산하세요.,2 \times 7 = \boxed{\phantom{14}},14
E18_0_2,E17010007c,다음을 계산하세요.,2 \times 7 = \boxed{\phantom{14}},14
E19_0_1,E17010007d,다음을 계산하세요.,2 \times 7 = \boxed{\phantom{14}},14
E19_0_2,E17010007e,다음을 계산하세요.,2 \times 7 = \boxed{\phantom{14}},14
E20_0_1,E17010007f,다음을 계산하세요.,2 \times 7 = \boxed{\phantom{14}},14
E20_0_2,E17010007g,다음을 계산하세요.,2 \times 7 = \boxed{\phantom{14}},14
E17_0_1,E17010008,다음을 계산하세요.,2 \times 8 = \boxed{\phantom{16}},16
E17_0_2,E17010008a,다음을 계산하세요.,2 \times 8 = \boxed{\phantom{16}},16
E18_0_1,E17010008b,다음을 계산하세요.,2 \times 8 = \boxed{\phantom{16}},16
E18_0_2,E17010008c,다음을 계산하세요.,2 \times 8 = \boxed{\phantom{16}},16
E19_0_1,E17010008d,다음을 계산하세요.,2 \times 8 = \boxed{\phantom{16}},16
E19_0_2,E17010008e,다음을 계산하세요.,2 \times 8 = \boxed{\phantom{16}},16
E20_0_1,E17010008f,다음을 계산하세요.,2 \times 8 = \boxed{\phantom{16}},16
E20_0_2,E17010008g,다음을 계산하세요.,2 \times 8 = \boxed{\phantom{16}},16
E17_0_1,E17010009,다음을 계산하세요.,2 \times 9 = \boxed{\phantom{18}},18
E17_0_2,E17010009a,다음을 계산하세요.,2 \times 9 = \boxed{\phantom{18}},18
E18_0_1,E17010009b,다음을 계산하세요.,2 \times 9 = \boxed{\phantom{18}},18
E18_0_2,E17010009c,다음을 계산하세요.,2 \times 9 = \boxed{\phantom{18}},18
E19_0_1,E17010009d,다음을 계산하세요.,2 \times 9 = \boxed{\phantom{18}},18
E19_0_2,E17010009e,다음을 계산하세요.,2 \times 9 = \boxed{\phantom{18}},18
E20_0_1,E17010009f,다음을 계산하세요.,2 \times 9 = \boxed{\phantom{18}},18
E20_0_2,E17010009g,다음을 계산하세요.,2 \times 9 = \boxed{\phantom{18}},18
E17_0_1,E17010013,다음을 계산하세요.,2\times1=~2\\2\times2=\boxed{\phantom{4}},4
E17_0_1,E17010014,다음을 계산하세요.,2\times3=~6\\2\times4=\boxed{\phantom{8}},8
E17_0_1,E17010016,다음을 계산하세요.,2\times7=~14\\2\times8=\boxed{\phantom{16}}\\2\times9=\boxed{\phantom{18}},
E17_0_1,E17010018,다음을 계산하세요.,2\times4=~~8\\2\times5=\boxed{\phantom{10}}\\2\times6=\boxed{\phantom{12}},
E17_0_2,E17020001,다음을 계산하세요.,5 \times 1 = \boxed{\phantom{5}},5
E18_0_1,E17020001b,다음을 계산하세요.,5 \times 1 = \boxed{\phantom{5}},5
E18_0_2,E17020001c,다음을 계산하세요.,5 \times 1 = \boxed{\phantom{5}},5
E19_0_1,E17020001d,다음을 계산하세요.,5 \times 1 = \boxed{\phantom{5}},5
E19_0_2,E17020001e,다음을 계산하세요.,5 \times 1 = \boxed{\phantom{5}},5
E20_0_1,E17020001f,다음을 계산하세요.,5 \times 1 = \boxed{\phantom{5}},5
E20_0_2,E17020001g,다음을 계산하세요.,5 \times 1 = \boxed{\phantom{5}},5
E17_0_2,E17020002,다음을 계산하세요.,5 \times 2 = \boxed{\phantom{10}},10
E18_0_1,E17020002b,다음을 계산하세요.,5 \times 2 = \boxed{\phantom{10}},10
E18_0_2,E17020002c,다음을 계산하세요.,5 \times 2 = \boxed{\phantom{10}},10
E19_0_1,E17020002d,다음을 계산하세요.,5 \times 2 = \boxed{\phantom{10}},10
E19_0_2,E17020002e,다음을 계산하세요.,5 \times 2 = \boxed{\phantom{10}},10
E20_0_1,E17020002f,다음을 계산하세요.,5 \times 2 = \boxed{\phantom{10}},10
E20_0_2,E17020002g,다음을 계산하세요.,5 \times 2 = \boxed{\phantom{10}},10
E17_0_2,E17020003,다음을 계산하세요.,5 \times 3 = \boxed{\phantom{15}},15
E18_0_1,E17020003b,다음을 계산하세요.,5 \times 3 = \boxed{\phantom{15}},15
E18_0_2,E17020003c,다음을 계산하세요.,5 \times 3 = \boxed{\phantom{15}},15
E19_0_1,E17020003d,다음을 계산하세요.,5 \times 3 = \boxed{\phantom{15}},15
E20_0_1,E17020003f,다음을 계산하세요.,5 \times 3 = \boxed{\phantom{15}},15
E20_0_2,E17020003g,다음을 계산하세요.,5 \times 3 = \boxed{\phantom{15}},15
E17_0_2,E17020004,다음을 계산하세요.,5 \times 4 = \boxed{\phantom{20}},20
E18_0_1,E17020004b,다음을 계산하세요.,5 \times 4 = \boxed{\phantom{20}},20
E18_0_2,E17020004c,다음을 계산하세요.,5 \times 4 = \boxed{\phantom{20}},20
E19_0_1,E17020004d,다음을 계산하세요.,5 \times 4 = \boxed{\phantom{20}},20
E19_0_2,E17020004e,다음을 계산하세요.,5 \times 4 = \boxed{\phantom{20}},20
E20_0_1,E17020004f,다음을 계산하세요.,5 \times 4 = \boxed{\phantom{20}},20
E20_0_2,E17020004g,다음을 계산하세요.,5 \times 4 = \boxed{\phantom{20}},20
E17_0_2,E17020005,다음을 계산하세요.,5 \times 5 = \boxed{\phantom{25}},25
E18_0_1,E17020005b,다음을 계산하세요.,5 \times 5 = \boxed{\phantom{25}},25
E18_0_2,E17020005c,다음을 계산하세요.,5 \times 5 = \boxed{\phantom{25}},25
E19_0_1,E17020005d,다음을 계산하세요.,5 \times 5 = \boxed{\phantom{25}},25
E19_0_2,E17020005e,다음을 계산하세요.,5 \times 5 = \boxed{\phantom{25}},25
E20_0_1,E17020005f,다음을 계산하세요.,5 \times 5 = \boxed{\phantom{25}},25
E20_0_2,E17020005g,다음을 계산하세요.,5 \times 5 = \boxed{\phantom{25}},25
E17_0_2,E17020006,다음을 계산하세요.,5 \times 6 = \boxed{\phantom{30}},30
E18_0_1,E17020006b,다음을 계산하세요.,5 \times 6 = \boxed{\phantom{30}},30
E18_0_2,E17020006c,다음을 계산하세요.,5 \times 6 = \boxed{\phantom{30}},30
E19_0_1,E17020006d,다음을 계산하세요.,5 \times 6 = \boxed{\phantom{30}},30
E19_0_2,E17020006e,다음을 계산하세요.,5 \times 6 = \boxed{\phantom{30}},30
E20_0_1,E17020006f,다음을 계산하세요.,5 \times 6 = \boxed{\phantom{30}},30
E20_0_2,E17020006g,다음을 계산하세요.,5 \times 6 = \boxed{\phantom{30}},30
E17_0_2,E17020007,다음을 계산하세요.,5 \times 7 = \boxed{\phantom{35}},35
E18_0_1,E17020007b,다음을 계산하세요.,5 \times 7 = \boxed{\phantom{35}},35
E18_0_2,E17020007c,다음을 계산하세요.,5 \times 7 = \boxed{\phantom{35}},35
E19_0_1,E17020007d,다음을 계산하세요.,5 \times 7 = \boxed{\phantom{35}},35
E19_0_2,E17020007e,다음을 계산하세요.,5 \times 7 = \boxed{\phantom{35}},35
E20_0_1,E17020007f,다음을 계산하세요.,5 \times 7 = \boxed{\phantom{35}},35
E20_0_2,E17020007g,다음을 계산하세요.,5 \times 7 = \boxed{\phantom{35}},35
E17_0_2,E17020008,다음을 계산하세요.,5 \times 8 = \boxed{\phantom{40}},40
E18_0_1,E17020008b,다음을 계산하세요.,5 \times 8 = \boxed{\phantom{40}},40
E18_0_2,E17020008c,다음을 계산하세요.,5 \times 8 = \boxed{\phantom{40}},40
E19_0_1,E17020008d,다음을 계산하세요.,5 \times 8 = \boxed{\phantom{40}},40
E19_0_2,E17020008e,다음을 계산하세요.,5 \times 8 = \boxed{\phantom{40}},40
E20_0_2,E17020008g,다음을 계산하세요.,5 \times 8 = \boxed{\phantom{40}},40
E17_0_2,E17020009,다음을 계산하세요.,5 \times 9 = \boxed{\phantom{45}},45
E18_0_1,E17020009b,다음을 계산하세요.,5 \times 9 = \boxed{\phantom{45}},45
E18_0_2,E17020009c,다음을 계산하세요.,5 \times 9 = \boxed{\phantom{45}},45
E19_0_1,E17020009d,다음을 계산하세요.,5 \times 9 = \boxed{\phantom{45}},45
E19_0_2,E17020009e,다음을 계산하세요.,5 \times 9 = \boxed{\phantom{45}},45
E20_0_1,E17020009f,다음을 계산하세요.,5 \times 9 = \boxed{\phantom{45}},45
E20_0_2,E17020009g,다음을 계산하세요.,5 \times 9 = \boxed{\phantom{45}},45
E17_0_2,E17020013,다음을 계산하세요.,5\times1=~~5\\5\times2=\boxed{\phantom{10}},10
E17_0_2,E17020014,다음을 계산하세요.,5\times3=~15\\5\times4=\boxed{\phantom{20}},20
E17_0_2,E17020016,다음을 계산하세요.,5\times7=~35\\5\times8=\boxed{\phantom{40}}\\5\times9=\boxed{\phantom{45}},
E17_0_2,E17020018,다음을 계산하세요.,5\times4=~20\\5\times5=\boxed{\phantom{25}}\\5\times6=\boxed{\phantom{30}},
E18_0_1,E18010001,다음을 계산하세요.,3 \times 1 = \boxed{\phantom{3}},3
E18_0_2,E18010001c,다음을 계산하세요.,3 \times 1 = \boxed{\phantom{3}},3
E19_0_1,E18010001d,다음을 계산하세요.,3 \times 1 = \boxed{\phantom{3}},3
E19_0_2,E18010001e,다음을 계산하세요.,3 \times 1 = \boxed{\phantom{3}},3
E20_0_1,E18010001f,다음을 계산하세요.,3 \times 1 = \boxed{\phantom{3}},3
E20_0_2,E18010001g,다음을 계산하세요.,3 \times 1 = \boxed{\phantom{3}},3
E18_0_1,E18010002,다음을 계산하세요.,3 \times 2 = \boxed{\phantom{6}},6
E18_0_2,E18010002c,다음을 계산하세요.,3 \times 2 = \boxed{\phantom{6}},6
E19_0_1,E18010002d,다음을 계산하세요.,3 \times 2 = \boxed{\phantom{6}},6
E19_0_2,E18010002e,다음을 계산하세요.,3 \times 2 = \boxed{\phantom{6}},6
E20_0_1,E18010002f,다음을 계산하세요.,3 \times 2 = \boxed{\phantom{6}},6
E20_0_2,E18010002g,다음을 계산하세요.,3 \times 2 = \boxed{\phantom{6}},6
E18_0_1,E18010003,다음을 계산하세요.,3 \times 3 = \boxed{\phantom{9}},9
E18_0_2,E18010003c,다음을 계산하세요.,3 \times 3 = \boxed{\phantom{9}},9
E19_0_1,E18010003d,다음을 계산하세요.,3 \times 3 = \boxed{\phantom{9}},9
E19_0_2,E18010003e,다음을 계산하세요.,3 \times 3 = \boxed{\phantom{9}},9
E20_0_1,E18010003f,다음을 계산하세요.,3 \times 3 = \boxed{\phantom{9}},9
E20_0_2,E18010003g,다음을 계산하세요.,3 \times 3 = \boxed{\phantom{9}},9
E18_0_1,E18010004,다음을 계산하세요.,3 \times 4 = \boxed{\phantom{12}},12
E18_0_2,E18010004c,다음을 계산하세요.,3 \times 4 = \boxed{\phantom{12}},12
E19_0_1,E18010004d,다음을 계산하세요.,3 \times 4 = \boxed{\phantom{12}},12
E19_0_2,E18010004e,다음을 계산하세요.,3 \times 4 = \boxed{\phantom{12}},12
E20_0_2,E18010004g,다음을 계산하세요.,3 \times 4 = \boxed{\phantom{12}},12
E18_0_1,E18010005,다음을 계산하세요.,3 \times 5 = \boxed{\phantom{15}},15
E18_0_2,E18010005c,다음을 계산하세요.,3 \times 5 = \boxed{\phantom{15}},15
E19_0_1,E18010005d,다음을 계산하세요.,3 \times 5 = \boxed{\phantom{15}},15
E19_0_2,E18010005e,다음을 계산하세요.,3 \times 5 = \boxed{\phantom{15}},15
E20_0_2,E18010005g,다음을 계산하세요.,3 \times 5 = \boxed{\phantom{15}},15
E18_0_1,E18010006,다음을 계산하세요.,3 \times 6 = \boxed{\phantom{18}},18
E18_0_2,E18010006c,다음을 계산하세요.,3 \times 6 = \boxed{\phantom{18}},18
E19_0_1,E18010006d,다음을 계산하세요.,3 \times 6 = \boxed{\phantom{18}},18
E19_0_2,E18010006e,다음을 계산하세요.,3 \times 6 = \boxed{\phantom{18}},18
E20_0_1,E18010006f,다음을 계산하세요.,3 \times 6 = \boxed{\phantom{18}},18
E18_0_1,E18010007,다음을 계산하세요.,3 \times 7 = \boxed{\phantom{21}},21
E18_0_2,E18010007c,다음을 계산하세요.,3 \times 7 = \boxed{\phantom{21}},21
E19_0_1,E18010007d,다음을 계산하세요.,3 \times 7 = \boxed{\phantom{21}},21
E19_0_2,E18010007e,다음을 계산하세요.,3 \times 7 = \boxed{\phantom{21}},21
E20_0_1,E18010007f,다음을 계산하세요.,3 \times 7 = \boxed{\phantom{21}},21
E20_0_2,E18010007g,다음을 계산하세요.,3 \times 7 = \boxed{\phantom{21}},21
E18_0_1,E18010008,다음을 계산하세요.,3 \times 8 = \boxed{\phantom{24}},24
E18_0_2,E18010008c,다음을 계산하세요.,3 \times 8 = \boxed{\phantom{24}},24
E19_0_1,E18010008d,다음을 계산하세요.,3 \times 8 = \boxed{\phantom{24}},24
E19_0_2,E18010008e,다음을 계산하세요.,3 \times 8 = \boxed{\phantom{24}},24
E20_0_1,E18010008f,다음을 계산하세요.,3 \times 8 = \boxed{\phantom{24}},24
E20_0_2,E18010008g,다음을 계산하세요.,3 \times 8 = \boxed{\phantom{24}},24
E18_0_1,E18010009,다음을 계산하세요.,3 \times 9 = \boxed{\phantom{27}},27
E18_0_2,E18010009c,다음을 계산하세요.,3 \times 9 = \boxed{\phantom{27}},27
E19_0_1,E18010009d,다음을 계산하세요.,3 \times 9 = \boxed{\phantom{27}},27
E19_0_2,E18010009e,다음을 계산하세요.,3 \times 9 = \boxed{\phantom{27}},27
E20_0_1,E18010009f,다음을 계산하세요.,3 \times 9 = \boxed{\phantom{27}},27
E20_0_2,E18010009g,다음을 계산하세요.,3 \times 9 = \boxed{\phantom{27}},27
E18_0_1,E18010013,다음을 계산하세요.,3\times1=~3\\3\times2=\boxed{\phantom{6}},6
E18_0_1,E18010014,다음을 계산하세요.,3\times3=~~9\\3\times4=\boxed{\phantom{12}},12
E18_0_1,E18010016,다음을 계산하세요.,3\times7=~21\\3\times8=\boxed{\phantom{24}}\\3\times9=\boxed{\phantom{27}},
E18_0_1,E18010018,다음을 계산하세요.,3\times4=~12\\3\times5=\boxed{\phantom{15}}\\3\times6=\boxed{\phantom{18}},
E18_0_2,E18020001,다음을 계산하세요.,4 \times 1 = \boxed{\phantom{4}},4
E19_0_1,E18020001d,다음을 계산하세요.,4 \times 1 = \boxed{\phantom{4}},4
E19_0_2,E18020001e,다음을 계산하세요.,4 \times 1 = \boxed{\phantom{4}},4
E20_0_1,E18020001f,다음을 계산하세요.,4 \times 1 = \boxed{\phantom{4}},4
E20_0_2,E18020001g,다음을 계산하세요.,4 \times 1 = \boxed{\phantom{4}},4
E18_0_2,E18020002,다음을 계산하세요.,4 \times 2 = \boxed{\phantom{8}},8
E19_0_1,E18020002d,다음을 계산하세요.,4 \times 2 = \boxed{\phantom{8}},8
E19_0_2,E18020002e,다음을 계산하세요.,4 \times 2 = \boxed{\phantom{8}},8
E20_0_2,E18020002g,다음을 계산하세요.,4 \times 2 = \boxed{\phantom{8}},8
E18_0_2,E18020003,다음을 계산하세요.,4 \times 3 = \boxed{\phantom{12}},12
E19_0_1,E18020003d,다음을 계산하세요.,4 \times 3 = \boxed{\phantom{12}},12
E19_0_2,E18020003e,다음을 계산하세요.,4 \times 3 = \boxed{\phantom{12}},12
E20_0_1,E18020003f,다음을 계산하세요.,4 \times 3 = \boxed{\phantom{12}},12
E20_0_2,E18020003g,다음을 계산하세요.,4 \times 3 = \boxed{\phantom{12}},12
E18_0_2,E18020004,다음을 계산하세요.,4 \times 4 = \boxed{\phantom{16}},16
E19_0_1,E18020004d,다음을 계산하세요.,4 \times 4 = \boxed{\phantom{16}},16
E20_0_1,E18020004f,다음을 계산하세요.,4 \times 4 = \boxed{\phantom{16}},16
E20_0_2,E18020004g,다음을 계산하세요.,4 \times 4 = \boxed{\phantom{16}},16
E18_0_2,E18020005,다음을 계산하세요.,4 \times 5 = \boxed{\phantom{20}},20
E19_0_1,E18020005d,다음을 계산하세요.,4 \times 5 = \boxed{\phantom{20}},20
E19_0_2,E18020005e,다음을 계산하세요.,4 \times 5 = \boxed{\phantom{20}},20
E20_0_1,E18020005f,다음을 계산하세요.,4 \times 5 = \boxed{\phantom{20}},20
E20_0_2,E18020005g,다음을 계산하세요.,4 \times 5 = \boxed{\phantom{20}},20
E18_0_2,E18020006,다음을 계산하세요.,4 \times 6 = \boxed{\phantom{24}},24
E19_0_1,E18020006d,다음을 계산하세요.,4 \times 6 = \boxed{\phantom{24}},24
E19_0_2,E18020006e,다음을 계산하세요.,4 \times 6 = \boxed{\phantom{24}},24
E20_0_1,E18020006f,다음을 계산하세요.,4 \times 6 = \boxed{\phantom{24}},24
E20_0_2,E18020006g,다음을 계산하세요.,4 \times 6 = \boxed{\phantom{24}},24
E18_0_2,E18020007,다음을 계산하세요.,4 \times 7 = \boxed{\phantom{28}},28
E19_0_1,E18020007d,다음을 계산하세요.,4 \times 7 = \boxed{\phantom{28}},28
E19_0_2,E18020007e,다음을 계산하세요.,4 \times 7 = \boxed{\phantom{28}},28
E20_0_1,E18020007f,다음을 계산하세요.,4 \times 7 = \boxed{\phantom{28}},28
E20_0_2,E18020007g,다음을 계산하세요.,4 \times 7 = \boxed{\phantom{28}},28
E18_0_2,E18020008,다음을 계산하세요.,4 \times 8 = \boxed{\phantom{32}},32
E19_0_1,E18020008d,다음을 계산하세요.,4 \times 8 = \boxed{\phantom{32}},32
E19_0_2,E18020008e,다음을 계산하세요.,4 \times 8 = \boxed{\phantom{32}},32
E20_0_1,E18020008f,다음을 계산하세요.,4 \times 8 = \boxed{\phantom{32}},32
E20_0_2,E18020008g,다음을 계산하세요.,4 \times 8 = \boxed{\phantom{32}},32
E18_0_2,E18020009,다음을 계산하세요.,4 \times 9 = \boxed{\phantom{36}},36
E19_0_1,E18020009d,다음을 계산하세요.,4 \times 9 = \boxed{\phantom{36}},36
E19_0_2,E18020009e,다음을 계산하세요.,4 \times 9 = \boxed{\phantom{36}},36
E20_0_1,E18020009f,다음을 계산하세요.,4 \times 9 = \boxed{\phantom{36}},36
E20_0_2,E18020009g,다음을 계산하세요.,4 \times 9 = \boxed{\phantom{36}},36
E18_0_2,E18020013,다음을 계산하세요.,4\times1=~4\\4\times2=\boxed{\phantom{8}},8
E18_0_2,E18020014,다음을 계산하세요.,4\times3=~12\\4\times4=\boxed{\phantom{16}},16
E18_0_2,E18020016,다음을 계산하세요.,4\times7=~28\\4\times8=\boxed{\phantom{32}}\\4\times9=\boxed{\phantom{36}},
E18_0_2,E18020018,다음을 계산하세요.,4\times4=~16\\4\times5=\boxed{\phantom{20}}\\4\times6=\boxed{\phantom{24}},
E19_0_1,E19010001,다음을 계산하세요.,6 \times 1 = \boxed{\phantom{6}},6
E19_0_2,E19010001e,다음을 계산하세요.,6 \times 1 = \boxed{\phantom{6}},6
E20_0_1,E19010001f,다음을 계산하세요.,6 \times 1 = \boxed{\phantom{6}},6
E20_0_2,E19010001g,다음을 계산하세요.,6 \times 1 = \boxed{\phantom{6}},6
E19_0_1,E19010002,다음을 계산하세요.,6 \times 2 = \boxed{\phantom{12}},12
E19_0_2,E19010002e,다음을 계산하세요.,6 \times 2 = \boxed{\phantom{12}},12
E20_0_1,E19010002f,다음을 계산하세요.,6 \times 2 = \boxed{\phantom{12}},12
E20_0_2,E19010002g,다음을 계산하세요.,6 \times 2 = \boxed{\phantom{12}},12
E19_0_1,E19010003,다음을 계산하세요.,6 \times 3 = \boxed{\phantom{18}},18
E19_0_2,E19010003e,다음을 계산하세요.,6 \times 3 = \boxed{\phantom{18}},18
E20_0_1,E19010003f,다음을 계산하세요.,6 \times 3 = \boxed{\phantom{18}},18
E20_0_2,E19010003g,다음을 계산하세요.,6 \times 3 = \boxed{\phantom{18}},18
E19_0_1,E19010004,다음을 계산하세요.,6 \times 4 = \boxed{\phantom{24}},24
E19_0_2,E19010004e,다음을 계산하세요.,6 \times 4 = \boxed{\phantom{24}},24
E20_0_1,E19010004f,다음을 계산하세요.,6 \times 4 = \boxed{\phantom{24}},24
E20_0_2,E19010004g,다음을 계산하세요.,6 \times 4 = \boxed{\phantom{24}},24
E19_0_1,E19010005,다음을 계산하세요.,6 \times 5 = \boxed{\phantom{30}},30
E19_0_2,E19010005e,다음을 계산하세요.,6 \times 5 = \boxed{\phantom{30}},30
E20_0_1,E19010005f,다음을 계산하세요.,6 \times 5 = \boxed{\phantom{30}},30
E20_0_2,E19010005g,다음을 계산하세요.,6 \times 5 = \boxed{\phantom{30}},30
E19_0_1,E19010006,다음을 계산하세요.,6 \times 6 = \boxed{\phantom{36}},36
E19_0_2,E19010006e,다음을 계산하세요.,6 \times 6 = \boxed{\phantom{36}},36
E20_0_1,E19010006f,다음을 계산하세요.,6 \times 6 = \boxed{\phantom{36}},36
E20_0_2,E19010006g,다음을 계산하세요.,6 \times 6 = \boxed{\phantom{36}},36
E19_0_1,E19010007,다음을 계산하세요.,6 \times 7 = \boxed{\phantom{42}},42
E19_0_2,E19010007e,다음을 계산하세요.,6 \times 7 = \boxed{\phantom{42}},42
E20_0_1,E19010007f,다음을 계산하세요.,6 \times 7 = \boxed{\phantom{42}},42
E20_0_2,E19010007g,다음을 계산하세요.,6 \times 7 = \boxed{\phantom{42}},42
E19_0_1,E19010008,다음을 계산하세요.,6 \times 8 = \boxed{\phantom{48}},48
E19_0_2,E19010008e,다음을 계산하세요.,6 \times 8 = \boxed{\phantom{48}},48
E20_0_1,E19010008f,다음을 계산하세요.,6 \times 8 = \boxed{\phantom{48}},48
E19_0_1,E19010009,다음을 계산하세요.,6 \times 9 = \boxed{\phantom{54}},54
E19_0_2,E19010009e,다음을 계산하세요.,6 \times 9 = \boxed{\phantom{54}},54
E20_0_1,E19010009f,다음을 계산하세요.,6 \times 9 = \boxed{\phantom{54}},54
E20_0_2,E19010009g,다음을 계산하세요.,6 \times 9 = \boxed{\phantom{54}},54
E19_0_1,E19010013,다음을 계산하세요.,6\times1=~~6\\6\times2=\boxed{\phantom{12}},12
E19_0_1,E19010014,다음을 계산하세요.,6\times3=~18\\6\times4=\boxed{\phantom{24}},24
E19_0_1,E19010016,다음을 계산하세요.,6\times7=~42\\6\times8=\boxed{\phantom{48}}\\6\times9=\boxed{\phantom{54}},
E19_0_1,E19010018,다음을 계산하세요.,6\times4=~24\\6\times5=\boxed{\phantom{30}}\\6\times6=\boxed{\phantom{36}},
E19_0_2,E19020001,다음을 계산하세요.,7 \times 1 = \boxed{\phantom{7}},7
E20_0_1,E19020001f,다음을 계산하세요.,7 \times 1 = \boxed{\phantom{7}},7
E20_0_2,E19020001g,다음을 계산하세요.,7 \times 1 = \boxed{\phantom{7}},7
E19_0_2,E19020002,다음을 계산하세요.,7 \times 2 = \boxed{\phantom{14}},14
E20_0_1,E19020002f,다음을 계산하세요.,7 \times 2 = \boxed{\phantom{14}},14
E20_0_2,E19020002g,다음을 계산하세요.,7 \times 2 = \boxed{\phantom{14}},14
E19_0_2,E19020003,다음을 계산하세요.,7 \times 3 = \boxed{\phantom{21}},21
E20_0_1,E19020003f,다음을 계산하세요.,7 \times 3 = \boxed{\phantom{21}},21
E20_0_2,E19020003g,다음을 계산하세요.,7 \times 3 = \boxed{\phantom{21}},21
E19_0_2,E19020004,다음을 계산하세요.,7 \times 4 = \boxed{\phantom{28}},28
E20_0_1,E19020004f,다음을 계산하세요.,7 \times 4 = \boxed{\phantom{28}},28
E20_0_2,E19020004g,다음을 계산하세요.,7 \times 4 = \boxed{\phantom{28}},28
E19_0_2,E19020005,다음을 계산하세요.,7 \times 5 = \boxed{\phantom{35}},35
E20_0_1,E19020005f,다음을 계산하세요.,7 \times 5 = \boxed{\phantom{35}},35
E19_0_2,E19020006,다음을 계산하세요.,7 \times 6 = \boxed{\phantom{42}},42
E20_0_1,E19020006f,다음을 계산하세요.,7 \times 6 = \boxed{\phantom{42}},42
E20_0_2,E19020006g,다음을 계산하세요.,7 \times 6 = \boxed{\phantom{42}},42
E19_0_2,E19020007,다음을 계산하세요.,7 \times 7 = \boxed{\phantom{49}},49
E20_0_2,E19020007g,다음을 계산하세요.,7 \times 7 = \boxed{\phantom{49}},49
E19_0_2,E19020008,다음을 계산하세요.,7 \times 8 = \boxed{\phantom{56}},56
E20_0_1,E19020008f,다음을 계산하세요.,7 \times 8 = \boxed{\phantom{56}},56
E20_0_2,E19020008g,다음을 계산하세요.,7 \times 8 = \boxed{\phantom{56}},56
E19_0_2,E19020009,다음을 계산하세요.,7 \times 9 = \boxed{\phantom{63}},63
E20_0_1,E19020009f,다음을 계산하세요.,7 \times 9 = \boxed{\phantom{63}},63
E19_0_2,E19020013,다음을 계산하세요.,7\times1=~~7\\7\times2=\boxed{\phantom{14}},14
E19_0_2,E19020014,다음을 계산하세요.,7\times3=~21\\7\times4=\boxed{\phantom{28}},28
E19_0_2,E19020016,다음을 계산하세요.,7\times7=~49\\7\times8=\boxed{\phantom{56}}\\7\times9=\boxed{\phantom{63}},
E19_0_2,E19020018,다음을 계산하세요.,7\times4=~28\\7\times5=\boxed{\phantom{35}}\\7\times6=\boxed{\phantom{42}},
E20_0_1,E20010001,다음을 계산하세요.,8 \times 1 = \boxed{\phantom{8}},8
E20_0_2,E20010001g,다음을 계산하세요.,8 \times 1 = \boxed{\phantom{8}},8
E20_0_1,E20010002,다음을 계산하세요.,8 \times 2 = \boxed{\phantom{16}},16
E20_0_2,E20010002g,다음을 계산하세요.,8 \times 2 = \boxed{\phantom{16}},16
E20_0_1,E20010003,다음을 계산하세요.,8 \times 3 = \boxed{\phantom{24}},24
E20_0_2,E20010003g,다음을 계산하세요.,8 \times 3 = \boxed{\phantom{24}},24
E20_0_1,E20010004,다음을 계산하세요.,8 \times 4 = \boxed{\phantom{32}},32
E20_0_2,E20010004g,다음을 계산하세요.,8 \times 4 = \boxed{\phantom{32}},32
E20_0_1,E20010005,다음을 계산하세요.,8 \times 5 = \boxed{\phantom{40}},40
E20_0_2,E20010005g,다음을 계산하세요.,8 \times 5 = \boxed{\phantom{40}},40
E20_0_1,E20010006,다음을 계산하세요.,8 \times 6 = \boxed{\phantom{48}},48
E20_0_1,E20010007,다음을 계산하세요.,8 \times 7 = \boxed{\phantom{56}},56
E20_0_2,E20010007g,다음을 계산하세요.,8 \times 7 = \boxed{\phantom{56}},56
E20_0_1,E20010008,다음을 계산하세요.,8 \times 8 = \boxed{\phantom{64}},64
E20_0_2,E20010008g,다음을 계산하세요.,8 \times 8 = \boxed{\phantom{64}},64
E20_0_1,E20010009,다음을 계산하세요.,8 \times 9 = \boxed{\phantom{72}},72
E20_0_1,E20010013,다음을 계산하세요.,8\times1=~~8\\8\times2=\boxed{\phantom{16}},16
E20_0_1,E20010014,다음을 계산하세요.,8\times3=~24\\8\times4=\boxed{\phantom{32}},32
E20_0_1,E20010016,다음을 계산하세요.,8\times7=~56\\8\times8=\boxed{\phantom{64}}\\8\times9=\boxed{\phantom{72}},
E20_0_1,E20010018,다음을 계산하세요.,8\times4=~32\\8\times5=\boxed{\phantom{40}}\\8\times6=\boxed{\phantom{48}},
E20_0_2,E20020001,다음을 계산하세요.,9 \times 1 = \boxed{\phantom{9}},9
E20_0_2,E20020002,다음을 계산하세요.,9 \times 2 = \boxed{\phantom{18}},18
E20_0_2,E20020003,다음을 계산하세요.,9 \times 3 = \boxed{\phantom{27}},27
E20_0_2,E20020004,다음을 계산하세요.,9 \times 4 = \boxed{\phantom{36}},36
E20_0_2,E20020005,다음을 계산하세요.,9 \times 5 = \boxed{\phantom{45}},45
E20_0_2,E20020006,다음을 계산하세요.,9 \times 6 = \boxed{\phantom{54}},54
E20_0_2,E20020007,다음을 계산하세요.,9 \times 7 = \boxed{\phantom{63}},63
E20_0_2,E20020008,다음을 계산하세요.,9 \times 8 = \boxed{\phantom{72}},72
E20_0_2,E20020009,다음을 계산하세요.,9 \times 9 = \boxed{\phantom{81}},81
E20_0_2,E20020013,다음을 계산하세요.,9\times1=~~9\\9\times2=\boxed{\phantom{18}},18
E20_0_2,E20020014,다음을 계산하세요.,9\times3=~27\\9\times4=\boxed{\phantom{36}},36
E20_0_2,E20020016,다음을 계산하세요.,9\times7=~63\\9\times8=\boxed{\phantom{72}}\\9\times9=\boxed{\phantom{81}},
E20_0_2,E20020018,다음을 계산하세요.,9\times4=~36\\9\times5=\boxed{\phantom{45}}\\9\times6=\boxed{\phantom{54}},
F02_0_1,F02010901,다음을 계산하세요.,\img{https://s3.ap-northeast-2.amazonaws.com/wjtb-prd-pub/brs/img/common/image/1607648062427883595.svg}{}{200px}{}\\~~~~~~~~~~~~~~9\div3=\boxed{\phantom{3}},3
F02_0_1,F02011002,다음을 계산하세요., 2 \times 8 = 16\leftrightarrow16\div2=\boxed{\phantom{8}} ,8
F02_0_1,F02011003,다음을 계산하세요., 3 \times 5 = 15\leftrightarrow15\div3=\boxed{\phantom{5}},5
F02_0_1,F02011004,다음을 계산하세요.,4 \times 2 = 8\leftrightarrow8\div4=\boxed{\phantom{2}} ,2
F02_0_1,F02011005,다음을 계산하세요.,\begin{multiplication-and-division} 3\times2=6 & 6\div3=\boxed{\phantom{2}} & 6\div2=\boxed{\phantom{3}} \end{multiplication-and-division},
F02_0_1,F02011006,다음을 계산하세요.,\begin{multiplication-and-division} 4\times5=20 & 20\div4=\boxed{\phantom{5}} & 20\div5=\boxed{\phantom{4}} \end{multiplication-and-division},
F02_0_1,F02011007,다음을 계산하세요.,\begin{multiplication-and-division} 2\times6=12 & 12\div2=\boxed{\phantom{6}} & 12\div6=\boxed{\phantom{2}} \end{multiplication-and-division},
F02_0_1,F02011101,다음을 계산하세요., 7 \times 3 = 21\leftrightarrow21\div3=\boxed{\phantom{7}} ,7
F02_0_1,F02011102,다음을 계산하세요., 8 \times 9 = 72\leftrightarrow72\div9=\boxed{\phantom{8}} ,8
F02_0_1,F02011103,다음을 계산하세요.,\begin{multiplication-and-division} 7\times5=35 & 35\div7=\boxed{\phantom{5}} & 35\div5=\boxed{\phantom{7}} \end{multiplication-and-division},
F02_0_1,F02011104,다음을 계산하세요.,\begin{multiplication-and-division} 8\times4=32 & 32\div8=\boxed{\phantom{4}} & 32\div4=\boxed{\phantom{8}} \end{multiplication-and-division},
F02_0_1,F02011205,다음을 계산하세요., 7 \times 2 = 14\leftrightarrow14\div2=\boxed{\phantom{7}} ,7
F02_0_1,F02011207,다음을 계산하세요., 7 \times 9 = 63\leftrightarrow63\div9=\boxed{\phantom{7}} ,7
F02_0_1,F02011208,다음을 계산하세요.,\begin{multiplication-and-division} 7\times4=28 & 28\div7=\boxed{\phantom{4}} & 28\div4=\boxed{\phantom{7}} \end{multiplication-and-division},
F02_0_1,F02011209,다음을 계산하세요.,\begin{multiplication-and-division} 8\times5=40 & 40\div8=\boxed{\phantom{5}} & 40\div5=\boxed{\phantom{8}} \end{multiplication-and-division},
F02_0_1,F02011210,다음을 계산하세요.,\begin{multiplication-and-division} 9\times3=27 & 27\div9=\boxed{\phantom{3}} & 27\div3=\boxed{\phantom{9}} \end{multiplication-and-division},
F02_0_1,F02011301,다음을 계산하세요., 2 \times 2 = 4\leftrightarrow4\div2=\boxed{\phantom{2}} ,2
F02_0_1,F02011302,다음을 계산하세요.,3 \times 8 = 24\leftrightarrow24\div3=\boxed{\phantom{8}} ,8
F02_0_1,F02011303,다음을 계산하세요., 5 \times 5 = 25\leftrightarrow25\div5=\boxed{\phantom{5}} ,5
F02_0_1,F02011304,다음을 계산하세요.,\begin{multiplication-and-division} 6\times3=18 & 18\div6=\boxed{\phantom{3}} & 18\div3=\boxed{\phantom{6}} \end{multiplication-and-division},
F02_0_1,F02011305,다음을 계산하세요.,\begin{multiplication-and-division} 4\times9=36 & 36\div4=\boxed{\phantom{9}} & 36\div9=\boxed{\phantom{4}} \end{multiplication-and-division},
F02_0_1,F02011306,다음을 계산하세요.,\begin{multiplication-and-division} 6\times8=48 & 48\div6=\boxed{\phantom{8}} & 48\div8=\boxed{\phantom{6}} \end{multiplication-and-division},
F02_0_1,F02011407,다음을 계산하세요., 4 \times 5 = 20\leftrightarrow20\div4=\boxed{\phantom{5}} ,5
F02_0_1,F02011408,다음을 계산하세요., 5 \times 9 = 45\leftrightarrow45\div5=\boxed{\phantom{9}} ,9
F02_0_1,F02011409,다음을 계산하세요.,6 \times 6 = 36\leftrightarrow36\div6=\boxed{\phantom{6}} ,6
F02_0_1,F02011410,다음을 계산하세요.,\begin{multiplication-and-division} 4\times2=8 & 8\div4=\boxed{\phantom{2}} & 8\div2=\boxed{\phantom{4}} \end{multiplication-and-division},
F02_0_1,F02011411,다음을 계산하세요.,\begin{multiplication-and-division} 5\times3=15 & 15\div5=\boxed{\phantom{3}} & 15\div3=\boxed{\phantom{5}} \end{multiplication-and-division},
F02_0_1,F02011412,다음을 계산하세요.,\begin{multiplication-and-division} 3\times4=12 & 12\div3=\boxed{\phantom{4}} & 12\div4=\boxed{\phantom{3}} \end{multiplication-and-division},
F02_0_1,F02011501,다음을 계산하세요.,8 \times 6 = 48\leftrightarrow48\div6=\boxed{\phantom{8}} ,8
F02_0_1,F02011502,다음을 계산하세요.,7 \times 5 = 35\leftrightarrow35\div5=\boxed{\phantom{7}} ,7
F02_0_1,F02011503,다음을 계산하세요., 9 \times 9 = 81\leftrightarrow81\div9=\boxed{\phantom{9}} ,9
F02_0_1,F02011504,다음을 계산하세요.,\begin{multiplication-and-division} 9\times8=72 & 72\div9=\boxed{\phantom{8}} & 72\div8=\boxed{\phantom{9}} \end{multiplication-and-division},
F02_0_1,F02011505,다음을 계산하세요.,\begin{multiplication-and-division} 7\times9=63 & 63\div7=\boxed{\phantom{9}} & 63\div9=\boxed{\phantom{7}} \end{multiplication-and-division},
F02_0_1,F02011506,다음을 계산하세요.,\begin{multiplication-and-division} 8\times7=56 & 56\div8=\boxed{\phantom{7}} & 56\div7=\boxed{\phantom{8}} \end{multiplication-and-division},
F02_0_1,F02011607,다음을 계산하세요.,9 \times 3 = 27\leftrightarrow27\div3=\boxed{\phantom{9}} ,9
F02_0_1,F02011608,다음을 계산하세요.,4 \times 8 = 32\leftrightarrow32\div8=\boxed{\phantom{4}} ,4
F02_0_1,F02011609,다음을 계산하세요.,7 \times 7 = 49\leftrightarrow49\div7=\boxed{\phantom{7}} ,7
F02_0_1,F02011610,다음을 계산하세요.,\begin{multiplication-and-division} 8\times2=16 & 16\div8=\boxed{\phantom{2}} & 16\div2=\boxed{\phantom{8}} \end{multiplication-and-division},
F02_0_1,F02011611,다음을 계산하세요.,\begin{multiplication-and-division} 9\times7=63 & 63\div9=\boxed{\phantom{7}} & 63\div7=\boxed{\phantom{9}} \end{multiplication-and-division},
F02_0_1,F02011612,다음을 계산하세요.,\begin{multiplication-and-division} 9\times6=54 & 54\div9=\boxed{\phantom{6}} & 54\div6=\boxed{\phantom{9}} \end{multiplication-and-division},
F02_0_1,F02011701,다음을 계산하세요.,7 \times 3 = 21 \leftrightarrow21\div7=\boxed{\phantom{3}} ,3
F02_0_1,F02011702,다음을 계산하세요.,5 \times 2 = 10 \leftrightarrow10\div5=\boxed{\phantom{2}} ,2
F02_0_1,F02011703,다음을 계산하세요.,4 \times 9 = 36\leftrightarrow36\div9=\boxed{\phantom{4}} ,4
F02_0_1,F02011704,다음을 계산하세요.,\begin{multiplication-and-division} 6\times4=24 & 24\div6=\boxed{\phantom{4}} & 24\div4=\boxed{\phantom{6}} \end{multiplication-and-division},
F02_0_1,F02011705,다음을 계산하세요.,\begin{multiplication-and-division} 3\times8=24 & 24\div3=\boxed{\phantom{8}} & 24\div8=\boxed{\phantom{3}} \end{multiplication-and-division},
F02_0_1,F02011706,다음을 계산하세요.,\begin{multiplication-and-division} 5\times6=30 & 30\div5=\boxed{\phantom{6}} & 30\div6=\boxed{\phantom{5}} \end{multiplication-and-division},
F02_0_1,F02011807,다음을 계산하세요.,2 \times 7= 14 \leftrightarrow14\div2=\boxed{\phantom{7}} ,7
F02_0_1,F02011808,다음을 계산하세요.,3 \times 3 = 9 \leftrightarrow9\div3=\boxed{\phantom{3}} ,3
F02_0_1,F02011809,다음을 계산하세요.,5 \times 8 = 40 \leftrightarrow40\div8=\boxed{\phantom{5}} ,5
F02_0_1,F02011810,다음을 계산하세요.,\begin{multiplication-and-division} 6\times7=42 & 42\div6=\boxed{\phantom{7}} & 42\div7=\boxed{\phantom{6}} \end{multiplication-and-division},
F02_0_1,F02011811,다음을 계산하세요.,\begin{multiplication-and-division} 3\times5=15 & 15\div3=\boxed{\phantom{5}} & 15\div5=\boxed{\phantom{3}} \end{multiplication-and-division},
F02_0_1,F02011812,다음을 계산하세요.,\begin{multiplication-and-division} 5\times9=45 & 45\div5=\boxed{\phantom{9}} & 45\div9=\boxed{\phantom{5}} \end{multiplication-and-division},
F03_0_1,F03010901,다음을 계산하세요.,6 \times \boxed{\phantom{3}} = 18\leftrightarrow18\div6=\boxed{\phantom{3}},
F03_0_1,F03010902,다음을 계산하세요.,7 \times \boxed{\phantom{5}} = 35\leftrightarrow35\div7=\boxed{\phantom{5}},
F03_0_1,F03010903,다음을 계산하세요.,\begin{multiplication-and-division} 2\times\boxed{\phantom{6}}=12 & 12\div~2=\boxed{\phantom{6}} & 12\div\boxed{\phantom{6}}=2 \end{multiplication-and-division},
F03_0_1,F03010904,다음을 계산하세요.,\begin{multiplication-and-division} 4\times\boxed{\phantom{9}}=36 & 36\div~4=\boxed{\phantom{9}} & 36\div\boxed{\phantom{9}}=4 \end{multiplication-and-division},
F03_0_1,F03011005,다음을 계산하세요.,4 \times \boxed{\phantom{6}} = 24\leftrightarrow24\div4=\boxed{\phantom{6}},
F03_0_1,F03011006,다음을 계산하세요.,8 \times \boxed{\phantom{5}} = 40\leftrightarrow40\div8=\boxed{\phantom{5}},
F03_0_1,F03011007,다음을 계산하세요.,9 \times \boxed{\phantom{7}} = 63\leftrightarrow63\div9=\boxed{\phantom{7}},
F03_0_1,F03011008,다음을 계산하세요.,\begin{multiplication-and-division} 4\times\boxed{\phantom{3}}=12 & 12\div~4=\boxed{\phantom{3}} & 12\div\boxed{\phantom{3}}=4 \end{multiplication-and-division},
F03_0_1,F03011009,다음을 계산하세요.,\begin{multiplication-and-division} 9\times\boxed{\phantom{8}}=72 & 72\div~9=\boxed{\phantom{8}} & 72\div\boxed{\phantom{8}}=9 \end{multiplication-and-division},
F03_0_1,F03011010,다음을 계산하세요.,\begin{multiplication-and-division} 5\times\boxed{\phantom{4}}=20 & 20\div~5=\boxed{\phantom{4}} & 20\div\boxed{\phantom{4}}=5 \end{multiplication-and-division},
F03_0_2,F03011101,다음 나눗셈을 하세요.,8 \div 2= \boxed{\phantom{4}} ,4
F03_0_2,F03011102,다음 나눗셈을 하세요.,21 \div 3= \boxed{\phantom{7}} ,7
F03_0_2,F03011103,다음 나눗셈을 하세요.,16 \div 4= \boxed{\phantom{4}} ,4
F03_0_2,F03011104,다음 나눗셈을 하세요.,15 \div 5= \boxed{\phantom{3}} ,3
F03_0_2,F03011105,다음 나눗셈을 하세요.,27 \div 9= \boxed{\phantom{3}} ,3
F03_0_2,F03011106,다음 나눗셈을 하세요.,30 \div 6= \boxed{\phantom{5}} ,5
F03_0_2,F03011107,다음 나눗셈을 하세요.,56 \div 7= \boxed{\phantom{8}} ,8
F03_0_2,F03011108,다음 나눗셈을 하세요.,48 \div 8= \boxed{\phantom{6}} ,6
F03_0_2,F03011109,다음 나눗셈을 하세요.,54 \div 9= \boxed{\phantom{6}} ,6
F03_0_2,F03011110,다음 나눗셈을 하세요.,12 \div 6= \boxed{\phantom{2}} ,2
F03_0_2,F03011211,다음 나눗셈을 하세요.,18 \div 2= \boxed{\phantom{9}} ,9
F03_0_2,F03011212,다음 나눗셈을 하세요.,35 \div 5= \boxed{\phantom{7}} ,7
F03_0_2,F03011213,다음 나눗셈을 하세요.,32 \div 8= \boxed{\phantom{4}} ,4
F03_0_2,F03011214,다음 나눗셈을 하세요.,24 \div 3= \boxed{\phantom{8}} ,8
F03_0_2,F03011215,다음 나눗셈을 하세요.,9 \div 9= \boxed{\phantom{1}} ,1
F03_0_2,F03011216,다음 나눗셈을 하세요.,28 \div 4= \boxed{\phantom{7}} ,7
F03_0_2,F03011217,다음 나눗셈을 하세요.,48 \div 6= \boxed{\phantom{8}} ,8
F03_0_2,F03011218,다음 나눗셈을 하세요.,21 \div 7= \boxed{\phantom{3}} ,3
F03_0_2,F03011219,다음 나눗셈을 하세요.,25 \div 5= \boxed{\phantom{5}} ,5
F03_0_2,F03011220,다음 나눗셈을 하세요.,35 \div 7= \boxed{\phantom{5}} ,5
F03_0_2,F03011221,다음 나눗셈을 하세요.,3 \div 3= \boxed{\phantom{1}} ,1
F03_0_2,F03011222,다음 나눗셈을 하세요.,36 \div 4= \boxed{\phantom{9}} ,9
F03_0_2,F03011223,다음 나눗셈을 하세요.,18 \div 6= \boxed{\phantom{3}} ,3
F03_0_2,F03011224,다음 나눗셈을 하세요.,16 \div 8= \boxed{\phantom{2}} ,2
F03_0_2,F03011225,다음 나눗셈을 하세요.,6 \div 2= \boxed{\phantom{3}} ,3
F03_0_1,F03011301,다음을 계산하세요.,7 \times \boxed{\phantom{2}} = 14\leftrightarrow14\div7=\boxed{\phantom{2}},
F03_0_1,F03011302,다음을 계산하세요.,8 \times \boxed{\phantom{3}} = 24\leftrightarrow24\div8=\boxed{\phantom{3}},
F03_0_1,F03011303,다음을 계산하세요.,6 \times \boxed{\phantom{9}} = 54\leftrightarrow54\div6=\boxed{\phantom{9}},
F03_0_1,F03011304,다음을 계산하세요.,\begin{multiplication-and-division} 2\times\boxed{\phantom{8}}=16 & 16\div~2=\boxed{\phantom{8}} & 16\div\boxed{\phantom{8}}=2 \end{multiplication-and-division},
F03_0_1,F03011305,다음을 계산하세요.,\begin{multiplication-and-division} 9\times\boxed{\phantom{4}}=36 & 36\div~9=\boxed{\phantom{4}} & 36\div\boxed{\phantom{4}}=9 \end{multiplication-and-division},
F03_0_1,F03011306,다음을 계산하세요.,\begin{multiplication-and-division} 7\times\boxed{\phantom{6}}=42 & 42\div~7=\boxed{\phantom{6}} & 42\div\boxed{\phantom{6}}=7 \end{multiplication-and-division},
F03_0_1,F03011407,다음을 계산하세요.,8 \times \boxed{\phantom{9}} = 72\leftrightarrow72\div8=\boxed{\phantom{9}},
F03_0_1,F03011408,다음을 계산하세요.,9 \times \boxed{\phantom{5}} = 45\leftrightarrow45\div9=\boxed{\phantom{5}},
F03_0_1,F03011409,다음을 계산하세요.,3 \times \boxed{\phantom{4}} = 12\leftrightarrow12\div3=\boxed{\phantom{4}},
F03_0_1,F03011410,다음을 계산하세요.,\begin{multiplication-and-division} 5\times\boxed{\phantom{3}}=15 & 15\div~5=\boxed{\phantom{3}} & 15\div\boxed{\phantom{3}}=5 \end{multiplication-and-division},
F03_0_1,F03011411,다음을 계산하세요.,\begin{multiplication-and-division} 4\times\boxed{\phantom{7}}=28 & 28\div~4=\boxed{\phantom{7}} & 28\div\boxed{\phantom{7}}=4 \end{multiplication-and-division},
F03_0_1,F03011412,다음을 계산하세요.,\begin{multiplication-and-division} 8\times\boxed{\phantom{6}}=48 & 48\div~8=\boxed{\phantom{6}} & 48\div\boxed{\phantom{6}}=8 \end{multiplication-and-division},
F03_0_2,F03011503,다음 나눗셈을 하세요.,2 \div 2= \boxed{\phantom{1}} ,1
F03_0_2,F03011504,다음 나눗셈을 하세요.,32 \div 4= \boxed{\phantom{8}} ,8
F03_0_2,F03011505,다음 나눗셈을 하세요.,72 \div 9= \boxed{\phantom{8}} ,8
F03_0_2,F03011506,다음 나눗셈을 하세요.,64 \div 8= \boxed{\phantom{8}} ,8
F03_0_2,F03011507,다음 나눗셈을 하세요.,10 \div 5= \boxed{\phantom{2}} ,2
F03_0_2,F03011508,다음 나눗셈을 하세요.,12 \div 4= \boxed{\phantom{3}} ,3
F03_0_2,F03011509,다음 나눗셈을 하세요.,40 \div 8= \boxed{\phantom{5}} ,5
F03_0_2,F03011510,다음 나눗셈을 하세요.,63 \div 7= \boxed{\phantom{9}} ,9
F03_0_2,F03011511,다음 나눗셈을 하세요.,6 \div 6= \boxed{\phantom{1}} ,1
F03_0_2,F03011512,다음 나눗셈을 하세요.,40 \div 5= \boxed{\phantom{8}} ,8
F03_0_2,F03011513,다음 나눗셈을 하세요.,9 \div 3= \boxed{\phantom{3}} ,3
F03_0_2,F03011514,다음 나눗셈을 하세요.,14 \div 2= \boxed{\phantom{7}} ,7
F03_0_2,F03011616,다음 나눗셈을 하세요.,5 \div 5= \boxed{\phantom{1}} ,1
F03_0_2,F03011617,다음 나눗셈을 하세요.,15 \div 3= \boxed{\phantom{5}} ,5
F03_0_2,F03011618,다음 나눗셈을 하세요.,42 \div 6= \boxed{\phantom{7}} ,7
F03_0_2,F03011619,다음 나눗셈을 하세요.,4 \div 2= \boxed{\phantom{2}} ,2
F03_0_2,F03011620,다음 나눗셈을 하세요.,20 \div 4= \boxed{\phantom{5}} ,5
F03_0_2,F03011621,다음 나눗셈을 하세요.,42 \div 7= \boxed{\phantom{6}} ,6
F03_0_2,F03011622,다음 나눗셈을 하세요.,36 \div 9= \boxed{\phantom{4}} ,4
F03_0_2,F03011624,다음 나눗셈을 하세요.,54 \div 6= \boxed{\phantom{9}} ,9
F03_0_2,F03011627,다음 나눗셈을 하세요.,7 \div 7= \boxed{\phantom{1}} ,1
F03_0_2,F03011628,다음 나눗셈을 하세요.,81 \div 9= \boxed{\phantom{9}} ,9
F03_0_2,F03011629,다음 나눗셈을 하세요.,8 \div 4= \boxed{\phantom{2}} ,2
F03_0_2,F03011630,다음 나눗셈을 하세요.,12 \div 3= \boxed{\phantom{4}} ,4
F03_0_1,F03011701,다음을 계산하세요.,8 \times \boxed{\phantom{4}} = 32\leftrightarrow32\div8=\boxed{\phantom{4}},
F03_0_1,F03011702,다음을 계산하세요.,9 \times \boxed{\phantom{2}} = 18\leftrightarrow18\div9=\boxed{\phantom{2}},
F03_0_1,F03011703,다음을 계산하세요.,7 \times \boxed{\phantom{7}} = 49\leftrightarrow49\div7=\boxed{\phantom{7}},
F03_0_1,F03011704,다음을 계산하세요.,\begin{multiplication-and-division} 6\times\boxed{\phantom{5}}=30 & 30\div~6=\boxed{\phantom{5}} & 30\div\boxed{\phantom{5}}=6 \end{multiplication-and-division},
F03_0_1,F03011705,다음을 계산하세요.,\begin{multiplication-and-division} 3\times\boxed{\phantom{9}}=27 & 27\div~3=\boxed{\phantom{9}} & 27\div\boxed{\phantom{9}}=3 \end{multiplication-and-division},
F03_0_1,F03011706,다음을 계산하세요.,\begin{multiplication-and-division} 7\times\boxed{\phantom{8}}=56 & 56\div~7=\boxed{\phantom{8}} & 56\div\boxed{\phantom{8}}=7 \end{multiplication-and-division},
F03_0_2,F03011803,다음 나눗셈을 하세요.,8 \div 8= \boxed{\phantom{1}} ,1
F03_0_2,F03011805,다음 나눗셈을 하세요.,6 \div 3= \boxed{\phantom{2}} ,2
F03_0_2,F03011806,다음 나눗셈을 하세요.,12 \div 2= \boxed{\phantom{6}} ,6
F03_0_2,F03011807,다음 나눗셈을 하세요.,24 \div 6= \boxed{\phantom{4}} ,4
F03_0_2,F03011809,다음 나눗셈을 하세요.,20 \div 5= \boxed{\phantom{4}} ,4
F03_0_2,F03011810,다음 나눗셈을 하세요.,14 \div 7= \boxed{\phantom{2}} ,2
F03_0_2,F03011811,다음 나눗셈을 하세요.,45 \div 9= \boxed{\phantom{5}} ,5
F03_0_2,F03011812,다음 나눗셈을 하세요.,10 \div 2= \boxed{\phantom{5}} ,5
F03_0_2,F03011813,다음 나눗셈을 하세요.,36 \div 6= \boxed{\phantom{6}} ,6
F03_0_2,F03011814,다음 나눗셈을 하세요.,18 \div 3= \boxed{\phantom{6}} ,6
F03_0_2,F03011815,다음 나눗셈을 하세요.,4 \div 4= \boxed{\phantom{1}} ,1
F03_0_2,F03011816,다음 나눗셈을 하세요.,72 \div 8= \boxed{\phantom{9}} ,9
F03_0_2,F03021302,다음 나눗셈을 하세요.,30 \div 5= \boxed{\phantom{6}} ,6
F03_0_2,F03021308,다음 나눗셈을 하세요.,56 \div 8= \boxed{\phantom{7}} ,7
F03_0_2,F03021310,다음 나눗셈을 하세요.,24 \div 4= \boxed{\phantom{6}} ,6
F03_0_2,F03021313,다음 나눗셈을 하세요.,28 \div 7= \boxed{\phantom{4}} ,4
F03_0_2,F03021712,다음 나눗셈을 하세요.,49 \div 7= \boxed{\phantom{7}} ,7
F03_0_2,F03021827,다음 나눗셈을 하세요.,18 \div 9= \boxed{\phantom{2}} ,2
F03_0_2,F03031709,다음 나눗셈을 하세요.,16 \div 2= \boxed{\phantom{8}} ,8
